0145080011,衛生福利部花蓮醫院豐濱原住民分院,花蓮縣豐濱鄉豐濱村光豐路４１號,8358141
0291010010,連江縣立醫院,連江縣南竿鄉復興村２１７號,623995
2101010013,松山健康服務中心,臺北市松山區八德路４段６９２號６樓,(02)27671757
2101020019,大安健康服務中心,臺北市大安區辛亥路３段１５號,(02)27335831
2101090011,大同健康服務中心,臺北市大同區昌吉街５２號,(02)25853227
2101100227,中山健康服務中心,臺北市中山區松江路３６７號７樓,(02)25014616
2101110027,內湖健康服務中心,臺北市內湖區民權東路６段９９號２樓,(02)27911162
2101120014,南港健康服務中心,臺北市南港區南港路１段３６０號７樓,(02)27825220
2101150012,士林健康服務中心,臺北市士林區中正路１段４３９號２樓,(02)28813039
2101161033,北投健康服務中心,臺北市北投區石牌路２段１１１號,(02)28261026
2101180038,中正健康服務中心,臺北市中正區牯嶺街２４號,(02)23215158
2101191068,萬華健康服務中心,臺北市萬華區東園街１５２號,(02)23033092
2101200017,政大(文山健康服務中心),臺北市文山區木柵路３段２２０號,(02)22343501
2303240013,臺中市中西區衛生所,臺中市西區民權路１０５號,(04)22223811
2311010010,基隆市中正區衛生所,基隆市中正區中正路２３６號２樓,(02)24621632
2311020016,基隆市七堵區衛生所,基隆市七堵區光明路２１－１（１－２樓）,(02)24562008
2311030012,基隆市暖暖區衛生所,基隆市暖暖區暖暖街２８１巷９８號,(02)24572630
2311040018,基隆市仁愛區衛生所,基隆市仁愛區光一路２６號,(02)24311592
2311050014,基隆市中山區衛生所,基隆市中山區中山二路１５號,(02)24229860
2311060010,基隆市安樂區衛生所,基隆市安樂區安樂路２段１６４號１樓前棟,(02)24318061
2311070016,基隆市信義區衛生所,基隆市信義區信一路６９號,(02)24221633
2312010014,新竹市東區衛生所,新竹市東區民族路４０之２號,(03)5236158
2312041028,新竹市北區衛生所,新竹市北區國華街六十九號一樓,(03)5353969
2312050018,新竹市香山衛生所,新竹市香山區牛埔里育德街１８８號２樓,(03)5388109
2317020010,臺中市東區衛生所,臺中市東區信義街１４２號,(04)22834121
2317040012,臺中市南區衛生所,臺中市南區工學路７２號２樓,(04)22629735
2317050018,臺中市北區衛生所,臺中市北區永興街３０１號４樓,(04)22359182
2317060014,臺中市西屯區衛生所,臺中市西屯區西安里西屯路二段２９９號,(04)27027068
2317070010,臺中市南屯區衛生所,臺中市南屯區向心南路８１１號１樓,(04)23827640
2317080016,台中市北屯區軍功衛生所,臺中市北屯區軍功路二段１６號,(04)22393932
2317081022,台中市北屯區四民衛生所,臺中市北屯區后庄路１０６２號,(04)24211945
2321010013,臺南市東區衛生所,臺南市東區龍山里林森路１段４１８號,(06)2673613
2321030015,臺南市中西區衛生所,臺南市中西區安海里環河街９４號,(06)2252403
2321040011,臺南巿北區衛生所,臺南市北區公園里西華街５０號,(06)2252404
2321060013,台南市安南區衛生所,臺南市安南區仁安路７０號２樓,(06)2567406
2321070019,台南市安平區衛生所,臺南市安平區平通里育平路３１０號,(06)2996885
2322010017,嘉義市東區衛生所,嘉義市東區大雅路二段６２５號,(05)2750423
2322020013,嘉義市西區衛生所,嘉義市西區福全里德明路１號,(05)2337355
2331070012,新北市樹林區衛生所,新北市樹林區樹新路４０－７號１、２樓,(02)26812134
2331080018,新北市鶯歌區衛生所,新北市鶯歌區文化路３８９號,(02)26702304
2331090014,新北市三峽區衛生所,新北市三峽區光明路７１號３樓,(02)26711592
2331100015,新北市淡水區衛生所,新北市淡水區中山路１５８號,(02)26215620
2331120017,新北市瑞芳區衛生所,新北市瑞芳區明燈路３段１號,(02)24972132
2331160011,新北市泰山區衛生所,新北市泰山區全興路２１２號３樓,(02)22962858
2331170017,新北市林口區衛生所,新北市林口區忠孝二路５５號,(02)26068760
2331190019,新北市石碇區衛生所,新北市石碇區潭邊里碇坪路１段８２號,(02)26631325
2331200010,新北市坪林區衛生所,新北市坪林區坪林街１０４號,(02)26656272
2331210016,新北市三芝區衛生所,新北市三芝區中山路１段１２號,(02)26362007
2331220012,新北市石門區衛生所,新北市石門區中山路２８－１號,(02)26381007
2331230018,新北市八里區衛生所,新北市八里區舊城路１６號,(02)26102137
2331240014,新北市平溪區衛生所,新北市平溪區公園街１７號１樓,(02)24951015
2331250010,新北市雙溪區衛生所,新北市雙溪區新基南路１８號,(02)24931211
2331260016,新北市貢寮區衛生所,新北市貢寮區朝陽街７０巷１０號、新北市貢寮區仁愛路１２８號,(02)24901431
2331270012,新北市金山區衛生所,新北市金山區民生路５９號,(02)24982778
2331280018,新北市萬里區衛生所,新北市萬里區瑪鍊路１５７號１－３樓及地下１樓,(02)24921117
2331290014,新北市烏來區衛生所,新北市烏來區新烏路５段１０９號,(02)26617200
2332030012,桃園市大溪區衛生所,桃園市大溪區仁愛路１號,(03)3882401
2332040018,桃園市楊梅區衛生所,桃園市楊梅區校前路４０９號,(03)4750151
2332060010,桃園市大園區衛生所,桃園市大園區田心里中正西路１９號,(03)3862024
2332080012,桃園市八德區衛生所,桃園市八德區大華里介壽路二段３６１巷２８號,(03)3662781
2332090018,桃園市龍潭區衛生所,桃園市龍潭區中正路２１０號１至２樓,(03)4792033
2332100019,桃園市平鎮區衛生所,桃園市平鎮區新富里１鄰振興路１號,(03)4576624
2332110015,桃園市新屋區衛生所,桃園市新屋區新屋里中山路２３９號,(03)4772018
2332120011,桃園市觀音區衛生所,桃園市觀音區觀新路５８號,(03)4732031
2332130017,桃園市復興區衛生所,桃園市復興區澤仁里中正路２５號,(03)3822325
2333010014,新竹縣關西鎮衛生所,新竹縣關西鎮中山路２０７號,(03)5872454
2333020010,新竹縣新埔鎮衛生所,新竹縣新埔鎮新民里中正路７５８號,(03)5882017
2333030016,新竹縣竹東鎮衛生所,新竹縣竹東鎮中正路２２１號,(03)5943566
2333050018,新竹縣竹北市衛生所,新竹縣竹北市光明二街８９號,(03)5533381
2333060014,新竹縣湖口鄉衛生所,新竹縣湖口鄉中勢村中興街３６號,(03)5992654
2333070010,新竹縣橫山鄉衛生所,新竹縣橫山鄉大肚村３鄰新興街１４１巷１０號,(03)5932004
2333080016,新竹縣新豐鄉衛生所,新竹縣新豐鄉重興村萃豐路２１號,(03)5591150
2333090012,新竹縣芎林鄉衛生所,新竹縣芎林鄉文山路５３２號,(03)5924787
2333100013,新竹縣寶山鄉衛生所,新竹縣寶山鄉雙溪村７鄰雙園路二段２７３號,(03)5292106
2333110019,新竹縣北埔鄉衛生所,新竹縣北埔鄉北埔街９０號,(03)5801677
2333120015,新竹縣峨眉鄉衛生所,新竹縣峨眉鄉峨眉村峨眉街２鄰５號,(03)5800314
2333130011,新竹縣尖石鄉衛生所,新竹縣尖石鄉嘉樂村２鄰６１號,(03)5842356
2333140017,新竹縣五峰鄉衛生所,新竹縣五峰鄉大隘村六鄰９９號,(03)5851005
2334010018,宜蘭縣宜蘭市衛生所,宜蘭縣宜蘭市健康路二段２－２號１樓,(03)9322362
2334020014,宜蘭縣羅東鎮衛生所,宜蘭縣羅東鎮民生路７９號,(03)9542321
2334030010,宜蘭縣蘇澳鎮衛生所,宜蘭縣蘇澳鎮志成路６０號,(03)9962185
2334040016,宜蘭縣頭城鎮衛生所,宜蘭縣頭城鎮吉祥路１５號,(03)9771034
2334050012,宜蘭縣礁溪鄉衛生所,宜蘭縣礁溪鄉礁溪路４段１２６號,(03)9882908
2334060018,宜蘭縣壯圍鄉衛生所,宜蘭縣壯圍鄉中央路２段２９０號,(03)9385503
2334070014,宜蘭縣員山鄉衛生所,宜蘭縣員山鄉復興路２號,(03)9221575
2334081026,宜蘭縣冬山鄉衛生所,宜蘭縣冬山鄉中正路１６號,(03)9594772
2334090016,宜蘭縣五結鄉衛生所,宜蘭縣五結鄉五結路２段３３７號,(03)9501564
2334100017,宜蘭縣三星鄉衛生所,宜蘭縣三星鄉三星路５段７０號,(03)9892227
2334110013,宜蘭縣大同鄉衛生所,宜蘭縣大同鄉崙埤村朝陽４０號,(03)9801175
2334120019,宜蘭縣南澳鄉衛生所,宜蘭縣南澳鄉蘇花路２段３７５號,(03)9981019
2335010012,苗栗縣苗栗市衛生所,苗栗縣苗栗市建民街２８號,(037)277129
2335020018,苗栗縣苑裡鎮衛生所,苗栗縣苑裡鎮客庄里公民街１６號,(037)869595
2335030014,苗栗縣通霄鎮衛生所,苗栗縣通霄鎮通東里中正路９－６號,(037)752048
2335040010,苗栗縣竹南鎮衛生所,苗栗縣竹南鎮大營路２０９號,(037)470152
2335050016,苗栗縣頭份市衛生所,苗栗縣頭份市顯會路７２號,(037)663049
2335060012,苗栗縣後龍鎮衛生所,苗栗縣後龍鎮大庄里21鄰光華路３７１號,(037)722008
2335070018,苗栗縣卓蘭鎮衛生所,苗栗縣卓蘭鎮老庄里中正路１４２號,(04)25892027
2335080014,苗栗縣大湖鄉衛生所,苗栗縣大湖鄉明湖村中原路８７號,(037)991034
2335090010,苗栗縣公館鄉衛生所,苗栗縣公館鄉館中村大同路７５號,(037)224732
2335100011,苗栗縣銅鑼鄉衛生所,苗栗縣銅鑼鄉銅鑼村新興路８１號,(037)981006
2335110017,苗栗縣南庄鄉衛生所,苗栗縣南庄鄉東村大同路１７號,(037)822024
2335120013,苗栗縣頭屋鄉衛生所,苗栗縣頭屋鄉頭屋村中山街５６巷５４號,(037)253534
2335130019,苗栗縣三義鄉衛生所,苗栗縣三義鄉復興路45號,(037)872014
2335140015,苗栗縣西湖鄉衛生所,苗栗縣西湖鄉龍洞村１鄰１６號,(037)921211
2335150011,苗栗縣造橋鄉衛生所,苗栗縣造橋鄉造橋村１４鄰８－２號,(037)542755
2335160017,苗栗縣三灣鄉衛生所,苗栗縣三灣鄉三灣村親民路１７號,(037)831140
2335170013,苗栗縣獅潭鄉衛生所,苗栗縣獅潭鄉新店村１３０之６號,(037)931309
2335180019,苗栗縣泰安鄉衛生所,苗栗縣泰安鄉清安村２鄰７２號,(037)941054
2336010016,臺中市豐原區衛生所,臺中市豐原區西勢里中興路１３６號,(04)25261170
2336020012,臺中市東勢區衛生所,臺中市東勢區中寧里豐勢路４９０號,(04)25873872
2336030018,臺中市大甲區衛生所,臺中市大甲區德興路８１號,(04)26872153
2336040014,臺中市清水區衛生所,臺中市清水區中山路９２號,(04)26222639
2336050010,臺中市沙鹿區衛生所,臺中市沙鹿區洛泉里文昌路２０號,(04)26625040
2336060016,臺中市梧棲區衛生所,臺中市梧棲區雲集街７０巷３號,(04)26562809
2336070012,臺中市后里區衛生所,臺中市后里區墩西里公安路８６號,(04)25562048
2336080018,臺中市神岡區衛生所,臺中市神岡區神岡里神岡路２號,(04)25622792
2336090014,臺中市潭子區衛生所,臺中市潭子區中山路２段２４１巷５號,(04)25324643
2336100015,臺中市大雅區衛生所,臺中市大雅區中清東路２３２號,(04)25661091
2336110011,臺中市新社區衛生所,臺中市新社區新社里興社街４段１號,(04)25811704
2336120017,臺中市石岡區衛生所,臺中市石岡區石岡街６號,(04)25721887
2336130013,臺中市外埔區衛生所,臺中市外埔區甲后路三段１０６２號,(04)26833208
2336140019,臺中市大安區衛生所,臺中市大安區中山南路３３３號,(04)26713681
2336150015,臺中市烏日區衛生所,臺中市烏日區烏日里長樂街１３６號,(04)23381027
2336160011,臺中市大肚區衛生所,臺中市大肚區頂街里榮華街１號,(04)26996311
2336170017,臺中市龍井區衛生所,臺中市龍井區竹坑里沙田路４段２４３號,(04)26352228
2336180013,台中市霧峰區衛生所,臺中市霧峰區本堂里民生路１－９號,(04)23393022
2336190019,臺中市太平區衛生所,臺中市太平區中山路１段２１３之１號,(04)23938083
2336200010,臺中市大里區衛生所,臺中市大里區大衛路８２號,(04)24061500
2336210025,臺中市和平區衛生所,臺中市和平區南勢里東關路３段１３２號,(04)25942781
2336210034,臺中市和平區梨山衛生所,臺中市和平區梨山里中正路６８號,(04)25989540
2337010010,彰化縣彰化市南西北區衛生所,彰化縣彰化市華北里旭光路１６６號,(04)7282141
2337010029,彰化縣彰化市東區衛生所,彰化縣彰化市香山里彰南路２段３４６巷３１弄２６號,(04)7381647
2337020016,彰化縣鹿港鎮衛生所,彰化縣鹿港鎮順興里復興路４２３號,(04)7772309
2337030012,彰化縣和美鎮衛生所,彰化縣和美鎮和東里彰美路５段３１９號,(04)7552744
2337040018,彰化縣北斗鎮衛生所,彰化縣北斗鎮光復里地政路４０６巷１７號,(04)8882059
2337050014,彰化縣員林市衛生所,彰化縣員林市仁美里博愛路２２９號,(04)7060230
2337060010,彰化縣溪湖鎮衛生所,彰化縣溪湖鎮湖東里青雅路３６號,(04)8815112
2337070016,彰化縣田中鎮衛生所,彰化縣田中鎮西路里斗中路一段２２２號,(04)8742053
2337080012,彰化縣二林鎮衛生所,彰化縣二林鎮豐田里斗苑路四段６８９號,(04)8960035
2337090018,彰化縣線西鄉衛生所,彰化縣線西鄉寓埔村和線路９５７巷２號,(04)7585201
2337100019,彰化縣伸港鄉衛生所,彰化縣伸港鄉大同村中興路２段１９７號,(04)7982034
2337110015,彰化縣福興鄉衛生所,彰化縣福興鄉福興村福興路５１巷２號,(04)7772371
2337120020,彰化縣秀水鄉衛生所,彰化縣秀水鄉安東村中山路２８８號,(04)7693001
2337130017,彰化縣花壇鄉衛生所,彰化縣花壇鄉長沙村中正路１１號,(04)7862035
2337140013,彰化縣芬園鄉衛生所,彰化縣芬園鄉社口村公園１街１１號,(049)2522904
2337150019,彰化縣大村鄉衛生所,彰化縣大村鄉大村村中正西路３４０號,(04)8520513
2337160015,彰化縣埔鹽鄉衛生所,彰化縣埔鹽鄉好修村員鹿路二段５８號,(04)8653596
2337170011,彰化縣埔心鄉衛生所,彰化縣埔心鄉義民村員鹿路２段３４０號,(04)8294611
2337180017,彰化縣永靖鄉衛生所,彰化縣永靖鄉永西村西興路９１號,(04)8221057
2337190013,彰化縣社頭鄉衛生所,彰化縣社頭鄉社頭村員集路二段４０９號,(04)8732038
2337200014,彰化縣二水鄉衛生所,彰化縣二水鄉二水村過圳路１９號,(04)8791077
2337210010,彰化縣田尾鄉衛生所,彰化縣田尾鄉饒平村光復路２段６０８號,(04)8832145
2337220016,彰化縣埤頭鄉衛生所,彰化縣埤頭鄉合興村健安街１１９號,(04)8922445
2337230012,彰化縣芳苑鄉衛生所,彰化縣芳苑鄉芳苑村斗苑路芳苑段１９４巷４８號,(04)8983134
2337240018,彰化縣大城鄉衛生所,彰化縣大城鄉大城村中平路１２６號,(04)8941323
2337250014,彰化縣竹塘鄉衛生所,彰化縣竹塘鄉竹塘村竹林路１段３０４號,(04)8972009
2337260010,彰化縣溪州鄉衛生所,彰化縣溪州鄉尾厝村溪下路５７０號,(04)8895023
2338010014,南投縣南投市衛生所,南投縣南投市三和里三和一路１３號,(049)2223264
2338020010,南投縣埔里鎮衛生所,南投縣埔里鎮中山路二段２５６號,(049)2982157
2338030016,南投縣草屯鎮衛生所,南投縣草屯鎮草溪路８８２巷７號,(049)2362023
2338040012,南投縣竹山鎮衛生所,南投縣竹山鎮公所路１２６號,(049)2642026
2338050018,南投縣集集鎮衛生所,南投縣集集鎮民生路１０６號,(049)2762015
2338060014,南投縣名間鄉衛生所,南投縣名間鄉中正村彰南路４２號,(049)2732135
2338070010,南投縣鹿谷鄉衛生所,南投縣鹿谷鄉中正路二段２０號,(049)2752002
2338080016,南投縣中寮鄉衛生所,南投縣中寮鄉永平村永昌街１０２號,(049)2691404
2338090012,南投縣魚池鄉衛生所,南投縣魚池鄉東池村魚池街１９４號,(049)2895513
2338100013,南投縣國姓鄉衛生所,南投縣國姓鄉國姓村民族街４２號,(049)2721009
2338110019,南投縣水里鄉衛生所,南投縣水里鄉博愛路２０５號,(049)2770079
2338120015,南投縣信義鄉衛生所,南投縣信義鄉明德村玉山路４５號,(049)2791148
2338130011,南投縣仁愛鄉衛生所,南投縣仁愛鄉大同村五福巷１７號,(049)2802341
2339040016,雲林縣西螺鎮衛生所,雲林縣西螺鎮福興里修文路１１０號,(05)5862130
2339050012,雲林縣土庫鎮衛生所,雲林縣土庫鎮忠正里中山路２５４號,(05)6622638
2339060018,北港鎮衛生所,雲林縣北港鎮北辰路３號,(05)7832103
2339070014,雲林縣古坑鄉衛生所,雲林縣古坑鄉西平村中山路３９１號,(05)5821132
2339100017,雲林縣林內鄉衛生所,雲林縣林內鄉新興路５４號,(05)5892273
2339110013,雲林縣二崙鄉衛生所,雲林縣二崙鄉崙西村中興路９、１１號,(05)5982004
2339120019,雲林縣崙背鄉衛生所,雲林縣崙背鄉南陽村南光路３４號,(05)6962009
2339130015,雲林縣麥寮鄉衛生所,雲林縣麥寮鄉麥豐村光復路４號,(05)6932268
2339180015,雲林縣四湖鄉衛生所,雲林縣四湖鄉施湖村中山西路１１８號,(05)7872890
2339200012,雲林縣水林鄉衛生所,雲林縣水林鄉水北村水林路８號,(05)7852612
2340010015,嘉義縣朴子市衛生所,嘉義縣朴子市安福里光復路４０號,(05)3792037
2340020011,嘉義縣布袋鎮衛生所,嘉義縣布袋鎮新厝里２１號,(05)3472032
2340030017,嘉義縣大林鎮衛生所,嘉義縣大林鎮平林里中山路２５２號,(05)2652042
2340040013,嘉義縣民雄鄉衛生所,嘉義縣民雄鄉中樂村文化路７之２號,(05)2262018
2340050019,嘉義縣溪口鄉衛生所,嘉義縣溪口鄉溪北村二鄰中山路１號,(05)2691046
2340060015,嘉義縣新港鄉衛生所,嘉義縣新港鄉宮前村中山路１６７號,(05)3742025
2340070011,嘉義縣六腳鄉衛生所,嘉義縣六腳鄉蒜頭村１５鄰蒜頭７３－１號,(05)3802016
2340080017,嘉義縣東石鄉衛生所,嘉義縣東石鄉東石村３之７號,(05)3732340
2340090013,嘉義縣義竹鄉衛生所,嘉義縣義竹鄉仁里村義竹４２２－１號,(05)3412032
2340100014,嘉義縣鹿草鄉衛生所,嘉義縣鹿草鄉西井村１２鄰長壽路２２６巷２號,(05)3752080
2340110010,嘉義縣太保市衛生所,嘉義縣太保市後潭里４４３號,(05)3711273
2340120016,嘉義縣水上鄉衛生所,嘉義縣水上鄉水上村正義路１４５號,(05)2682059
2340130012,嘉義縣中埔鄉衛生所,嘉義縣中埔鄉中埔村中埔１３０號之１,(05)2531008
2340140018,嘉義縣竹崎鄉衛生所,嘉義縣竹崎鄉竹崎村文化路１９－１號,(05)2611264
2340150014,嘉義縣梅山鄉衛生所,嘉義縣梅山鄉華山路１８號,(05)2621249
2340160010,嘉義縣番路鄉衛生所,嘉義縣番路鄉下坑村菜公店６０號,(05)2591148
2340170016,嘉義縣大埔鄉衛生所,嘉義縣大埔鄉大埔村５３－１號,(05)2521214
2340180012,嘉義縣阿里山鄉衛生所,嘉義縣阿里山鄉樂野村３鄰９７－２號,(05)2561573
2341010019,臺南市新營區衛生所,臺南市新營區大宏里三民路７２號,(06)6329421
2341020015,臺南市鹽水區衛生所,臺南市鹽水區武廟路１號,(06)6521041
2341030011,臺南市白河區衛生所,臺南市白河區永安里國光路５號,(06)6852014
2341040017,臺南市麻豆區衛生所,臺南市麻豆區巷口里興國路１１一１號,(06)5722215
2341050013,臺南市佳里區衛生所,臺南市佳里區東寧里進學路１５９號,(06)7224106
2341060019,臺南市新化區衛生所,臺南市新化區健康路十三鄰１４３號,(06)5905398
2341070015,臺南市善化區衛生所,臺南市善化區光文里中山路２００號,(06)5837035
2341080011,臺南市學甲區衛生所,臺南市學甲區仁得里建國路３８號１樓,(06)7833359
2341090017,臺南市柳營區衛生所,臺南市柳營區士林里５４之５號,(06)6220464
2341100018,臺南市後壁區衛生所,臺南市後壁區後壁里３號,(06)6872624
2341110014,臺南市東山區衛生所,臺南市東山區東山里２３６號１樓,(06)6802618
2341120010,臺南市下營區衛生所,臺南市下營區營前里中山路二段１３７號,(06)6892149
2341130016,台南市六甲區衛生所,臺南市六甲區二甲里２６鄰中華路１１０號,(06)6982013
2341140012,臺南市官田區衛生所,臺南市官田區隆田里中山路一段１２８號,(06)5791493
2341150018,臺南市大內區衛生所,臺南市大內區大內里２號,(06)5761044
2341160014,臺南市西港區衛生所,臺南市西港區西港里中山路３６８號,(06)7952338
2341170010,臺南市七股區衛生所,臺南市七股區大埕里３７９號,(06)7872277
2341180016,臺南市將軍區衛生所,臺南市將軍區忠興里１８５－６號,(06)7942007
2341190012,臺南市北門區衛生所,臺南市北門區北門里港北５０號,(06)7862043
2341200013,台南市新市區衛生所,臺南市新市區新市里中興街１２號,(06)5992504
2341210019,臺南市安定區衛生所,臺南市安定區安定里５９－１號,(06)5922022
2341220015,臺南市山上區衛生所,臺南市山上區山上里３５－２號,(06)5781013
2341230011,臺南市玉井區衛生所,臺南市玉井區玉田里中正路５號,(06)5742275
2341240017,臺南市楠西區衛生所,臺南市楠西區楠西里中正路２２６號,(06)5751006
2341250013,台南市南化區衛生所,臺南市南化區南化里２２６－１號,(06)5771139
2341260019,臺南市左鎮區衛生所,臺南市左鎮區中正里１７２之１５號,(06)5731114
2341270015,台南市仁德區衛生所,臺南市仁德區仁德里中山路６０６巷２號,(06)2704153
2341280011,台南市歸仁區衛生所,臺南市歸仁區中正北路１段１號,(06)2304030
2341290017,台南市關廟區衛生所,臺南市關廟區山西里中正路１０００號,(06)5952395
2341300018,臺南市龍崎區衛生所,臺南市龍崎區崎頂里新市子１５８號,(06)5941397
2341310014,臺南市永康區衛生所,臺南市永康區永康里文化路５１號,(06)2326507
2342010013,高雄市鳳山區衛生所,高雄市鳳山區經武路３４巷２號,(07)7430437
2342020019,高雄市岡山區衛生所,高雄市岡山區壽天里公園路５０號,(07)6212015
2342030015,高雄市旗山區衛生所,高雄市旗山區中正路１９７號,(07)6612054
2342040011,高雄市美濃區衛生所,高雄市美濃區美中路２４６號,(07)6812064
2342050017,高雄市林園區衛生所,高雄市林園區林園里林園北路186號,(07)6412404
2342060013,高雄市大寮區衛生所,高雄市大寮區永芳里進學路１２９巷２－１號,(07)7816819
2342070019,高雄市大樹區衛生所,高雄市大樹區龍目路１５８號,(07)6512935
2342080015,高雄市仁武區衛生所,高雄市仁武區仁武里地政街２３號,(07)3711434
2342100012,高雄市鳥松區衛生所,高雄市鳥松區鳥松里文前路文北巷一弄４號,(07)7316404
2342110018,高雄市橋頭區衛生所,高雄市橋頭區橋頭里隆豊路５號,(07)6113516
2342120014,高雄市燕巢區衛生所,高雄市燕巢區南燕里中興路２號,(07)6161148
2342130010,高雄市田寮區衛生所,高雄市田寮區南安里崗北路３２號,(07)6361504
2342140016,高雄市阿蓮區衛生所,高雄市阿蓮區民生路９４－１號,(07)6317141
2342160018,高雄市湖內區衛生所,高雄市湖內區湖中路２０３號,(07)6993009
2342170014,高雄市茄萣區衛生所,高雄市茄萣區吉定里濱海路二段１號,(07)6989275
2342180010,高雄市永安區衛生所,高雄市永安區永安路２６號,(07)6912015
2342190016,高雄市彌陀區衛生所,高雄市彌陀區彌仁里中華路一巷五弄一號,(07)6175307
2342200017,高雄市梓官區衛生所,高雄市梓官區梓信里公館路４５號,(07)6103050
2342210013,高雄市六龜區衛生所,高雄市六龜區民治路１６號,(07)6891244
2342220019,高雄市甲仙區衛生所,高雄市甲仙區和安里中山路５２號,(07)6751029
2342230015,高雄市杉林區衛生所,高雄市杉林區上平里山仙路９３巷２號,(07)6771319
2342240011,高雄市內門區衛生所,高雄市內門區觀亭里１６鄰中埔頭２０號,(07)6671088
2342250017,高雄市茂林區衛生所,高雄市茂林區茂林里茂林巷８－４號,(07)6801046
2342260013,高雄市桃源區衛生所,高雄市桃源區桃源里南進巷１８８－１號,(07)6861126
2342270019,高雄市那瑪夏區衛生所,高雄市那瑪夏區瑪雅里６鄰平和巷２５２號,(07)6701142
2343010017,屏東縣屏東市衛生所,屏東縣屏東市建國路９２號,(08)7538701
2343020013,屏東縣潮州鎮衛生所,屏東縣潮州鎮三共里永坤路１０７號,(08)7882131
2343030019,屏東縣東港鎮衛生所,屏東縣東港鎮朝安里新生三路２３號,(08)8325310
2343040015,屏東縣恆春鎮衛生所,屏東縣恆春鎮城南里文化路７８號,(08)8892140
2343050011,屏東縣萬丹鄉衛生所,屏東縣萬丹鄉四維村萬丹路一段５０１號,(08)7772049
2343060017,屏東縣長治鄉衛生所,屏東縣長治鄉進興村潭頭路３號,(08)7368734
2343070013,屏東縣麟洛鄉衛生所,屏東縣麟洛鄉麟蹄村中山路１５６－１號,(08)7221152
2343080019,屏東縣九如鄉衛生所,屏東縣九如鄉九如路二段２４７號,(08)7392006
2343090015,屏東縣里港鄉衛生所,屏東縣里港鄉大平村中山路１０３–１號,(08)7751711
2343100016,屏東縣鹽埔鄉衛生所,屏東縣鹽埔鄉鹽北村勝利路１８７號,(08)7932474
2343110012,屏東縣高樹鄉衛生所,屏東縣高樹鄉長榮村南昌路１２–２號,(08)7962026
2343120018,屏東縣萬巒鄉衛生所,屏東縣萬巒鄉萬全村褒忠路１４－２號,(08)7811794
2343130014,屏東縣內埔鄉衛生所,屏東縣內埔鄉內埔村中興路１９１號,(08)7792414
2343140010,屏東縣竹田鄉衛生所,屏東縣竹田鄉竹田村中山路２５號,(08)7710445
2343150016,屏東縣新埤鄉衛生所,屏東縣新埤鄉新埤村中正路３８號,(08)7971090
2343160012,屏東縣枋寮鄉衛生所,屏東縣枋寮鄉枋寮村德興路７７號,(08)8782940
2343170018,屏東縣新園鄉衛生所,屏東縣新園鄉仙吉村仙吉路８９－２號,(08)8681293
2343180014,屏東縣崁頂鄉衛生所,屏東縣崁頂鄉崁頂村興農路２９–９號,(08)8631454
2343190010,屏東縣林邊鄉衛生所,屏東縣林邊鄉光林村和平路４５號,(08)8752076
2343200011,屏東縣南州鄉衛生所,屏東縣南州鄉溪南村人和路２３９號,(08)8642224
2343210017,屏東縣佳冬鄉衛生所,屏東縣佳冬鄉六根村佳和路８７－１號,(08)8662018
2343220013,屏東縣琉球鄉衛生所,屏東縣琉球鄉本福村中山路５１號,(08)8612513
2343230019,屏東縣車城鄉衛生所,屏東縣車城鄉福安村福安路２之３０號,(08)8821300
2343240015,屏東縣滿州鄉衛生所,屏東縣滿州鄉滿州村中山路３１號,(08)8801279
2343250011,屏東縣枋山鄉衛生所,屏東縣枋山鄉枋山村枋山路９８號,(08)8761150
2343260017,屏東縣三地門鄉衛生所,屏東縣三地門鄉三地村行政街４號,(08)7991284
2343270013,屏東縣霧台鄉衛生所,屏東縣霧台鄉霧台村神山巷６８號,(08)7902232
2343280019,屏東縣瑪家鄉衛生所,屏東縣瑪家鄉北葉村風景巷８６號,(08)7991164
2343290015,屏東縣泰武鄉衛生所,屏東縣泰武鄉佳平村１７９號,(08)7832059
2343300016,屏東縣來義鄉衛生所,屏東縣來義鄉古樓村中正路９０號,(08)7850103
2343310012,屏東縣春日鄉衛生所,屏東縣春日鄉春日村春日路１７６號,(08)8780358
2343320018,屏東縣獅子鄉衛生所,屏東縣獅子鄉楓林村楓林二巷３１號,(08)8771324
2343330014,屏東縣牡丹鄉衛生所,屏東縣牡丹鄉石門村１９號,(08)8831013
2344010011,澎湖縣馬公市第一衛生所,澎湖縣馬公市樹德路３６號,(06)9273958
2344011027,澎湖縣馬公市第二衛生所,澎湖縣馬公市鎖港里２４０號,(06)9951354
2344011036,澎湖縣馬公市第三衛生所,澎湖縣馬公市西文里１１８之２號,(06)9211723
2344020017,澎湖縣湖西鄉衛生所,澎湖縣湖西鄉湖西村１５１－１號,(06)9921271
2344030013,澎湖縣白沙鄉衛生所,澎湖縣白沙鄉赤崁村３５９號,(06)9931044
2344030022,澎湖縣白沙鄉鳥嶼衛生所,澎湖縣白沙鄉鳥嶼村漁港新村３號,(06)9916092
2344030031,澎湖縣白沙鄉吉貝衛生所,澎湖縣白沙鄉吉貝村８－１３號,(06)9911430
2344040019,澎湖縣西嶼鄉衛生所,澎湖縣西嶼鄉池東村２２２號,(06)9981115
2344050015,澎湖縣望安鄉衛生所,澎湖縣望安鄉西安村３６－７號,(06)9991036
2344050024,澎湖縣望安鄉將軍衛生所,澎湖縣望安鄉將軍村１２鄰將軍澳１之３號,(06)9902066
2344060011,澎湖縣七美鄉衛生所,澎湖縣七美鄉中和村埔內５４號,(06)9971005
2345010015,花蓮縣花蓮市衛生所,花蓮縣花蓮市新興路２００號,(03)8230232
2345020011,花蓮縣鳳林鎮衛生所,花蓮縣鳳林鎮公正街８之１號,(03)8761116
2345030017,花蓮縣玉里鎮衛生所,花蓮縣玉里鎮泰昌里中正路１５２號,(03)8882046
2345040013,花蓮縣新城鄉衛生所,花蓮縣新城鄉北埔村北埔路１６０號,(03)8266781
2345050019,花蓮縣吉安鄉衛生所,花蓮縣吉安鄉吉安村吉安路２段１３２號,(03)8521113
2345060015,花蓮縣壽豐鄉衛生所,花蓮縣壽豐鄉壽豐村公園路２８巷１０號,(03)8652101
2345070011,花蓮縣光復鄉衛生所,花蓮縣光復鄉大馬村中學街１５８號,(03)8701114
2345090013,花蓮縣瑞穗鄉衛生所,花蓮縣瑞穗鄉瑞穗村民生街７５號,(03)8872045
2345100014,花蓮縣富里鄉衛生所,花蓮縣富里鄉富里村中山路２０３號,(03)8831029
2345110010,花蓮縣秀林鄉衛生所,花蓮縣秀林鄉秀林村１２鄰秀林路８８號,(03)8612122
2345120016,花蓮縣萬榮鄉衛生所,花蓮縣萬榮鄉萬榮村１２號,(03)8751651
2345130012,花蓮縣卓溪鄉衛生所,花蓮縣卓溪鄉卓溪村中正路６５號,(03)8882592
2346010019,台東縣台東巿衛生所,臺東縣臺東市大同路５１號,(089)350757
2346020015,台東縣成功鎮衛生所,臺東縣成功鎮忠仁里中山東路６４號,(089)851419
2346030011,臺東縣關山鎮衛生所,臺東縣關山鎮中福里中華路７８號,(089)811042
2346040017,台東縣卑南鄉衛生所,臺東縣卑南鄉太平村和平路１３２號,(089)382042
2346050013,台東縣大武鄉衛生所,臺東縣大武鄉大武村濱海路１００號,(089)791325
2346060019,台東縣太麻里鄉衛生所,臺東縣太麻里鄉泰和村２鄰民權路６６號,(089)781220
2346070015,臺東縣東河鄉衛生所,臺東縣東河鄉東河村南東河路１０鄰３００號,(089)896289
2346080011,台東縣長濱鄉衛生所,臺東縣長濱鄉長濱村中興路４６號,(089)831022
2346090017,台東縣鹿野鄉衛生所,臺東縣鹿野鄉鹿野村中華路１段４１８號,(089)551074
2346100018,台東縣池上鄉衛生所,臺東縣池上鄉中山路１０４號,(089)862609
2346110014,台東縣綠島鄉衛生所,臺東縣綠島鄉中寮村１－１號,(089)672511
2346120010,台東縣延平鄉衛生所,臺東縣延平鄉桃源村昇平路１１號,(089)561040
2346130016,台東縣海端鄉衛生所,臺東縣海端鄉海端村３鄰２９號,(089)931391
2346140012,台東縣達仁鄉衛生所,臺東縣達仁鄉安朔村復興路１２２號,(089)702209
2346150018,台東縣金峰鄉衛生所,臺東縣金峰鄉賓茂村１鄰１４號,(089)772201
2346160014,台東縣蘭嶼鄉衛生所,臺東縣蘭嶼鄉紅頭村３６號,(089)732575
2390010010,金門縣金城鎮衛生所,金門縣金城鎮民權路１４７號,(082)325059
2390020016,金門縣金沙鎮衛生所,金門縣金沙鎮三民路１６號,(082)333597
2390030030,金門縣金湖鎮衛生所,金門縣金湖鎮正義里成功７號之１,(082)336662
2390040518,金門縣金寧鄉衛生所,金門縣金寧鄉盤山村仁愛新屯２之１號,(082)325735
2390050032,金門縣烈嶼鄉衛生所,金門縣烈嶼鄉西口村西方６－５號,(082)362078
2391020010,連江縣北竿鄉衛生所,連江縣北竿鄉塘岐村２５號,(083)655592
2391030016,連江縣莒光鄉西莒衛生所,連江縣莒光鄉青帆村１４－１號,(083)689122
2391030026,連江縣莒光鄉東莒衛生所,連江縣莒光鄉大坪村３０－１號,(083)689038
2391040012,連江縣東引鄉衛生所,連江縣東引鄉中柳村１２３號,(083)677206
5901013004,德安藥局,臺北市松山區八德路３段１９５號２樓,(02)25782670
5901013139,慶昌藥局,臺北市松山區延吉街２９號,(02)25770820
5901013308,立赫敦北藥局,臺北市松山區敦化北路２２２巷２０號,(02)27199277
5901013344,健康活力藥師藥局,臺北市松山區民生東路５段２１９號,(02)27455556
5901013371,玖田藥局,臺北市松山區八德路４段６５５號,(02)27666578
5901013399,一安正昇藥局,臺北市松山區南京東路５段３４８號,(02)27680993
5901013433,杏一延吉藥局,臺北市松山區延吉街３２號,(02)25798450
5901013442,松山八德藥局,臺北市松山區八德路２段４００號,(02)27782773
5901013451,新德大藥局,臺北市松山區饒河街２０４號,(02)27673402
5901013460,光點延新藥局,臺北市松山區延壽街１０１號,(02)27667795
5901013497,民生盛康藥局,臺北市松山區民生東路５段２０４號,(02)27460758
5901013504,杏一台北長庚藥局,臺北市松山區敦化北路１９９巷２弄３號,(02)25149463
5901013513,立赫民生藥局,臺北市松山區民生東路４段６８號,(02)27139200
5901013522,大樹松山藥局,臺北市松山區民生東路５段１０７號,(02)27562226
5901013531,佑全松山南京東藥局,臺北市松山區南京東路５段２９１巷７號,(02)27687807
5901013540,躍獅敦北藥局,臺北市松山區民生東路４段８０巷５號,27155691
5901013559,佑翔藥局,臺北市松山區民生東路５段９５號,(02)87875070
5901013568,美優康藥局,臺北市松山區民生東路４段１１７之１號,(02)9999999999
5901023886,世康藥局,臺北市大安區延吉街２４６號,(02)27015758
5901024712,早安藥局,臺北市大安區建國南路２段１５１巷４２號,(02)27002209
5901024758,兆安健保藥局,臺北市大安區通化街１３９號,(02)27363069
5901024767,杏一樂業藥局,臺北市大安區樂業街１６２號,(02)27383194
5901024810,博興藥局,臺北市大安區四維路１９８巷２８號,(02)23256668
5901024838,昶青藥局,臺北市大安區濟南路３段２２之１號,(02)27515678
5901024856,杏一台北國泰藥局,臺北市大安區仁愛路４段２６６巷１５弄４號,(02)27011785
5901024865,沛林東區生活藥粧藥局,臺北市大安區敦化南路１段１８７巷１７號,(02)27763759
5901024874,奇異果大安藥局,臺北市大安區大安路１段１９０號,(02)23250891
5901024883,躍獅敦和藥局,臺北市大安區和平東路３段１０號,(02)23785767
5901024892,太醫藥局,臺北市大安區師大路１２號,(02)23685125
5901024909,康維健保藥局,臺北市大安區敦化南路１段３２９巷１５號,(02)27000120
5901024918,康祥藥局,臺北市大安區忠孝東路４段２１６巷２１號,(02)27817891
5901024927,高特敦南藥局,臺北市大安區信義路４段１１５號,(092)0318305
5901024945,威康藥局,臺北市大安區和平東路２段２５５之１號,(02)27061149
5901091884,躍獅雙蓮藥局,臺北市大同區涼州街４號,(02)25537551
5901091991,德芳藥局,臺北市大同區民生西路９１號,(02)25576869
5901092014,旭豐藥局,臺北市大同區昌吉街９６號,(02)25853880
5901092041,酒泉春天藥局,臺北市大同區酒泉街９４號、９４號２樓,(02)25977932
5901092050,中興聯合藥局,臺北市大同區鄭州路１２７號（實際營業地址：１樓）,(02)25502952
5901092069,躍獅遠東藥局,臺北市大同區南京西路３７４號（實際營業地址：１樓）,(02)25594835
5901092078,大同民生藥局,臺北市大同區民生西路１２８，１３０號,(02)25558886
5901092087,躍獅文昌藥局,臺北市大同區民生西路１０８號（實際營業：一層）,(02)25586189
5901092096,春鄰藥局,臺北市大同區長安西路３５號（實際營業樓層：１層）,25526289
5901092103,新聖安藥局,臺北市大同區昌吉街１３０號,(02)25977877
5901103183,OK藥師藥局,臺北市中山區興安街９５號,(02)25170068
5901103450,東東藥局,臺北市中山區長春路２５７之２號,(02)25031730
5901103469,聖晨藥局,臺北市中山區農安街１４０號,(02)25960359
5901103487,錦州春天生活藥局,臺北市中山區錦州街２１３號、２１３號２樓,(02)25213586
5901103496,杏一龍錦藥局,臺北市中山區龍江路２６４號,(02)25174618
5901103530,農安盛康藥局,臺北市中山區農安街２６７號,(02)25038205
5901103549,康廷藥局,臺北市中山區北安路６１１號,(02)25335890
5901103558,佳頤中西藥局,臺北市中山區長春路１４７之１號,(02)25641479
5901103576,康銓藥局,臺北市中山區農安街１７４號,(02)25039393
5901103585,禾全藥局,臺北市中山區龍江路３３２號,(02)25165721
5901103601,安悅藥局,臺北市中山區吉林路１８９號,(02)25419879
5901103629,十二願藥局,臺北市中山區林森北路３０９號,25311223
5901103647,禾康藥局,臺北市中山區植福路２９６號（實際營業地址：１層）,26562156
5901112600,匯安藥局,臺北市內湖區內湖路１段７０３之１號,(02)26579255
5901112780,樂康藥妝藥局,臺北市內湖區文德路１１７號,(02)26562110
5901112879,壹零捌藥局,臺北市內湖區成功路４段３４４號,(02)27910061
5901113401,躍獅麗湖藥局,臺北市內湖區內湖路１段４０１之１號,(02)26276160
5901113438,晶龍藥局,臺北市內湖區成功路４段２１８號,(02)27956255
5901113456,佑全內湖康寧藥局,臺北市內湖區康寧路３段３９號、３９號２樓、４１號、４３號,(02)26346578
5901113509,安安藥局,臺北市內湖區康寧路１段４２號,(02)87912187
5901113536,原大藥局,臺北市內湖區內湖路１段７３７巷５０弄５號,(02)26596358
5901113545,和康健保藥局,臺北市內湖區文德路６６巷４１號,(02)27997202
5901113554,葫光藥局,臺北市內湖區康寧路３段５４巷６號,(02)26336611
5901113563,耀元藥局,臺北市內湖區康樂街１５０號,(02)26337369
5901113572,西湖藥局,臺北市內湖區內湖路１段３５５號,26279291
5901113590,維安藥局,臺北市內湖區成功路３段１７４巷２３號,(02)27944520
5901121976,杏安藥局,臺北市南港區昆陽街１４０巷１６號,(02)27864119
5901121985,勝安藥局,臺北市南港區舊莊街１段１６５號,(02)27828450
5901122035,成福大藥局,臺北市南港區成福路８號,(02)27859221
5901122044,心心藥局,臺北市南港區研究院路２段７６號,(02)27862586
5901152604,達揚藥局,臺北市士林區社正路３６號１樓,(02)88115559
5901153674,愛佳藥局,臺北市士林區承德路４段２２２之１號,(02)28811199
5901153709,全予藥局,臺北市士林區德行東路２２１號,(02)28386955
5901153727,前港盛康藥局,臺北市士林區前港街２８號,(02)28831079
5901153745,藥本家藥局,臺北市士林區中山北路７段１４巷２６號,(02)28766682
5901153790,天母盛康藥局,臺北市士林區天母東路８巷８４號,(02)28720208
5901153816,士東台安藥局,臺北市士林區士東路８６之２號（實際使用：１樓）,(02)28315667
5901153825,太和堂中西藥局,臺北市士林區大東路７４號（實際使用：１樓）,(02)28814122
5901153861,佩佩藥局,臺北市士林區中山北路６段１８２號,(02)28382662
5901153889,新光維康藥局,臺北市士林區基河路２５０之３號（實際使用：１樓）,(02)28801011
5901153898,文林生活健保藥局,臺北市士林區文林路５６２號（實際使用：１樓）,(02)28381971
5901153905,躍獅芝山藥局,臺北市士林區福華路１５４號（實際使用：１樓）,28365822
5901160802,美康藥局,臺北市北投區明德路９０號１樓,(02)28281176
5901162477,長宜藥局,臺北市北投區自強街１１２號,(02)28216605
5901163107,小豬藥局,臺北市北投區石牌路１段１６６巷８３號,(02)28217099
5901163250,關渡松藥局,臺北市北投區知行路２４７號,(02)28584824
5901163330,萬信藥局,臺北市北投區知行路３０５號（實際使用１樓）,(02)28583083
5901163376,北投春天藥局,臺北市北投區中央南路１段７６號,(02)28916668
5901163394,致遠春天藥局,臺北市北投區致遠一路１段１３２號１、２樓,(02)28253258
5901163410,尊賢藥局,臺北市北投區尊賢街２１２號,(02)28270505
5901163429,致遠盛康藥局,臺北市北投區致遠二路１４１號,(02)28263580
5901163465,振生大藥局,臺北市北投區中央北路３段６１號,(02)28977292
5901163492,全家藥粧藥局,臺北市北投區光明路１６６－２號,(02)28988685
5901163509,吉利春天生活藥局,臺北市北投區吉利街１２０號,(02)28253256
5901163527,理得藥局,臺北市北投區石牌路１段１５０號,(02)28289680
5901163536,天富大藥局,臺北市北投區石牌路２段１７１號（實際使用：１樓）,(02)28225812
5901163545,天康大藥局,臺北市北投區中央南路１段５７號,(02)28914265
5901173587,新興健保藥局,臺北市信義區永吉路３０巷１１３號,(02)27494892
5901173658,杏一永春藥局,臺北市信義區松山路２９２巷１７號,(02)27495938
5901173694,洪暘藥局,臺北市信義區富陽街８６號,(02)27337099
5901173710,專品光復藥局,臺北市信義區光復南路４６７之１號,(02)27586682
5901173729,康健信安藥局,臺北市信義區信安街１５１號,(02)87324166
5901173738,尚頤中西藥局,臺北市信義區虎林街１４５號,(02)27253818
5901173747,躍獅興雅藥局,臺北市信義區松德路１２８號,(02)87808429
5901173765,上好藥師藥局,臺北市信義區永吉路３０巷１０１弄４８號,(02)27677088
5901173783,北一健康人生藥局,臺北市信義區吳興街２５５號,(02)27583945
5901173809,愛維喜藥局,臺北市信義區莊敬路２７８號,(02)27586989
5901173818,博亞藥局,臺北市信義區莊敬路４６２號,(02)27580506
5901173827,松美藥局,臺北市信義區市民大道６段３２０號（實際營業地址：１樓）,(02)27651099
5901173836,艾登市府藥局,臺北市信義區忠孝東路５段１５巷１１號,(02)27679761
5901173854,杏一後山埤藥局,臺北市信義區忠孝東路５段７７８號（實際營業地址：１樓）,27274357
5901173863,立赫北醫藥局,臺北市信義區吳興街１１８巷２６弄１７號,(02)27320100
5901183323,和平藥局,臺北市中正區中華路２段４３號,(02)23755303
5901184375,大盛藥局,臺北市中正區中華路１段２１巷１６號,(02)23713838
5901184437,安藤健保調劑藥局,臺北市中正區南昌路１段１３０號、１３２號,(02)23962120
5901184446,北車維康藥局,臺北市中正區青島西路７號,(02)23613623
5901184455,躍獅南寧藥局,臺北市中正區南昌路１段８１號,(02)23967072
5901184473,中力藥局,臺北市中正區襄陽路１３之５號、１５號,(02)23313768
5901184491,躍獅南門藥局,臺北市中正區中華路２段３９巷１０號,(02)23141111
5901184508,康呈安藥局,臺北市中正區汀州路２段１８７號,(02)23672215
5901184517,躍獅東門藥局,臺北市中正區金山南路１段１０８之１號,(02)23920339
5901184535,桐心藥局,臺北市中正區金華街１８之６號１樓,(02)23581663
5901190042,裕和藥局,臺北市萬華區萬大路１１５、１１７號,(02)23063219
5901192877,瑞生藥局,臺北市萬華區西園路２段２５２號,(02)23012159
5901193070,榮勝藥局,臺北市萬華區萬大路２３３號,(02)23331121
5901193132,松本藥局,臺北市萬華區西昌街２３３號,(02)23029559
5901193169,柏祥藥局,臺北市萬華區西藏路１４１號,(02)23018272
5901193178,展源健康藥局,臺北市萬華區國興路１０４號,(02)23035179
5901193187,富安藥局,臺北市萬華區萬大路４２６號,(02)23377878
5901193196,青年宏越藥局,臺北市萬華區青年路４４號,(02)23011037
5901193221,正盛藥局,臺北市萬華區中華路２段４３４－１號,(02)23050386
5901193230,啟仁藥局,臺北市萬華區環河南路２段１７７號,(02)23362771
5901193249,光華藥局,臺北市萬華區華西街１９－５號,(02)23613609
5901202654,康宜庭萬隆藥局,臺北市文山區羅斯福路５段２０２號,(02)29348662
5901202789,宜康藥局,臺北市文山區保儀路７號,(02)86619862
5901203080,杏一木柵藥局,臺北市文山區木柵路３段９８號,(02)29371839
5901203124,福興藥局,臺北市文山區福興路５６號,(02)89313868
5901203160,路加健康藥局,臺北市文山區興隆路２段２２０巷３９號,(02)29302336
5901203179,健安藥局,臺北市文山區景興路１６５號,(02)29323757
5901203188,逸全生活藥局,臺北市文山區羅斯福路５段２２２號,(02)29326185
5901203204,躍獅新芳藥局,臺北市文山區興隆路３段９０號,(02)29308172
5901203213,綠杏萬芳藥局,臺北市文山區興隆路３段１１１號,(02)29349516
5901203222,躍獅景新藥局,臺北市文山區羅斯福路６段３０號,(02)29356221
5901203240,大愛幸福藥局,臺北市文山區木新路２段２２１號,(02)29379977
5901203268,躍獅木柵藥局,臺北市文山區指南路１段２８號,(02)86617752
5901203286,康宜庭興隆藥局,臺北市文山區興隆路３段２００號,(02)22304866
5901203295,專品政大藥局,臺北市文山區指南路２段８號,(02)22343010
5901203339,光點景興藥局,臺北市文山區景興路１０９號,(02)29335881
5901203366,大樹木柵藥局,臺北市文山區木柵路３段１０８號、１１０號（１樓、２樓）,22340110
5902030643,新高橋藥局,高雄市左營區民族一路１０２８號,(07)3100696
5902040069,新友藥局,高雄市楠梓區萬昌路１１１號,(07)3653534
5902056718,岱安藥局,高雄市三民區熱河二街２３號,(07)3219946
5902056923,鴻慶藥局,高雄市三民區裕誠路７０號,(07)9536166
5902057680,健爾康藥局,高雄市三民區正興路２３號,(07)3965658
5902061899,元盛藥局,高雄市新興區六合路１５３號,(07)2228183
5902092572,羿昇藥局,高雄市前鎮區一心一路４９２號,(07)3387737
5902110628,悅是康藥局,高雄市小港區漢民路２７６號,(07)8010012
5902111938,丁丁藥局小港店,高雄市小港區宏平路８５號,(07)8603388
5903010378,豐原啄木鳥藥局,臺中市豐原區中山路１７８號１樓,(04)25295340
5903010387,信宜藥局,臺中市豐原區中山路３９５號,(04)25229912
5903010430,喜樂魚藥局,臺中市豐原區圓環東路６１３號１樓,(04)25200226
5903010449,豐原藥局,臺中市豐原區新生北路２０６號之１（１樓）,(04)25260119
5903010458,心之藥局,臺中市豐原區中山路５０４號,(04)25254959
5903010485,大樹圓環藥局,臺中市豐原區圓環東路６１７號１樓,(04)25122212
5903010494,百宏大藥局,臺中市豐原區中正路８６０號１樓,(04)25131538
5903010501,佑全豐原圓環東藥局,臺中市豐原區圓環東路５４８、５５０、５５２、５５４號１樓,25246069
5903020034,國良豐藥局,臺中市東勢區豐勢路２１號１樓,(04)25885778
5903030058,康達藥局,臺中市大甲區蔣公路２６６號１樓,(04)26862001
5903030138,聖佑藥局,臺中市大甲區中山路１段５７６號１樓,(04)26760156
5903030174,慶安藥局,臺中市大甲區文武路１７８之３號,(04)26802933
5903030183,志明藥局,臺中市大甲區民生路２１號,(04)26876221
5903030192,大甲合和藥局,臺中市大甲區甲后路５段２６９號１樓,(04)26802310
5903040072,碧綠谷藥局,臺中市清水區中華路５２５號,(04)26281151
5903040081,千順藥局,臺中市清水區光復街１１０－２號１樓,(04)26220580
5903050176,全國藥局,臺中市沙鹿區臺灣大道７段９９２號,(04)26627097
5903050194,樂齊藥局,臺中市沙鹿區北中路８６－１、８６－２號,(04)26338867
5903050210,富康沙鹿藥局,臺中市沙鹿區沙田路１４２號１樓,(04)26633399
5903050229,維康藥局,臺中市沙鹿區鎮南路２段４１２號１樓,(04)26524787
5903050238,百岳大藥局,臺中市沙鹿區鎮南路二段７７號１樓,(04)26359825
5903050256,大安心藥局,臺中市沙鹿區星河路１２－１號１樓,26620082
5903070132,內埔瑞士藥師藥局,臺中市后里區中山路３７號１樓,(04)25566959
5903070141,甲后藥局,臺中市后里區甲后路一段２５３號１樓,(04)25577378
5903080085,社南藥局,臺中市神岡區民生路２４號１樓,(04)25616114
5903080094,灃洲大藥局,臺中市神岡區豐洲路４６６－３號１樓,(04)25150169
5903090358,信實藥局,臺中市潭子區大德北路６９號１樓,(04)25359220
5903090367,成記藥局,臺中市潭子區潭興路三段９３號１樓,(04)25358076
5903100091,樂心藥局,臺中市大雅區建興路１４３號,(04)25682568
5903100108,杏一大雅中清藥局,臺中市大雅區中清路四段３１、３３、３５號,(04)25601791
5903100117,妙昌藥局,臺中市大雅區永和路１９４號,(04)25664426
5903100135,大雅安德藥局,臺中市大雅區中清東路２２９號１樓,(04)25604133
5903110051,新社千百岳大藥局,臺中市新社區興安路２４、２６號,(04)25821798
5903150108,仁厚藥局,臺中市烏日區一心街１號,(04)23382375
5903150117,成功福倫藥局,臺中市烏日區榮和路６１號１樓,(04)23367018
5903150126,烏日安德藥局,臺中市烏日區榮和路１５１號、１５３號１樓,(04)23386925
5903150135,全品藥局,臺中市烏日區公園路２４０之１號１樓,(04)23362690
5903160079,同利藥局,臺中市大肚區沙田路一段５０４號,(04)26935492
5903160097,安昌藥局,臺中市大肚區遊園路二段１７６號１樓,(04)26913890
5903180133,正開心大藥局,臺中市霧峰區中正路９５１號１樓,(04)23396940
5903180142,峰正藥局,臺中市霧峰區中正路８３０號１樓,(04)23303353
5903190433,太平瑞昌藥局,臺中市太平區新興路２８號,(04)23956319
5903190488,精武丁丁藥局,臺中市太平區中山路四段１３２－１號,(04)23957235
5903190497,太平惠民藥師藥局,臺中市太平區東平路３６８號１樓,(04)22768799
5903190504,維肯藥局,臺中市太平區中興路７８－１號,(04)23512198
5903190522,聖康佳禾藥局,臺中市太平區光興路８３１號,(04)22772065
5903190568,世國藥局,臺中市太平區永豐路４２６號１樓,(04)22752537
5903190586,樹孝炘星藥局,臺中市太平區樹孝路４７６號１樓,23929578
5903190595,布拉格藥局,臺中市太平區東平路６１５號１樓,22786580
5903200158,世穎藥局,臺中市大里區中興路１段１６７－６號１樓,(04)24937265
5903200514,大明永欣藥局,臺中市大里區大明路５３９號１樓、５４１號１樓,(04)24068864
5903200587,大里安德健保藥局,臺中市大里區大明路１１７號,(04)24875607
5903200596,大樹大里藥局,臺中市大里區中興路二段１０１號,(04)24861133
5903200621,德芳東榮藥局,臺中市大里區東榮路８號,(04)24863898
5903200630,東裕藥局,臺中市大里區中興路二段１５３－３號１樓,(04)24850728
5903200649,躍獅日新藥局,臺中市大里區日新路３４２號１樓,(04)24822345
5903200658,德芳成功藥局,臺中市大里區成功路５３５－３號１樓,(04)24920298
5903200667,永欣東榮藥局,臺中市大里區東榮路３７０號１樓,(04)24810599
5903200676,立人藥局,臺中市大里區益民路二段１９號１樓,(04)24831722
5903220114,鄧博士藥局,臺中市中區中山路３２５號１樓,(04)22256851
5903220141,雙十小林健保藥局,臺中市中區雙十路一段３５號,(04)22253662
5903220150,老順安大藥局,臺中市中區中華路二段６３號、６５號１樓,(04)22016306
5903220178,佑全台中中華藥局,臺中市中區中華路一段１６２號１樓,(04)22291556
5903230156,樂業小林健保藥局,臺中市東區樂業路４４３號１樓,(04)22139123
5903230183,恒生藥局,臺中市東區樂業路３９５號１樓,(04)22135179
5903240198,鑫祐藥局,臺中市西區民權路３０２－５號,(04)23027778
5903240205,捷登藥局,臺中市西區公益路１０６號,(04)23191929
5903240278,美術藥局,臺中市西區美村路一段５６７號,(04)23725286
5903240358,早齋藥局,臺中市西區美村路一段３４２號１樓,(04)23029168
5903240367,宇祥藥局,臺中市西區五權五街１１９號１樓,(04)23728239
5903240376,台丞藥局,臺中市西區三民路一段１６６－５號,(04)22279666
5903240385,喆星藥局,臺中市西區精誠路４２２號,(04)24715301
5903240410,德芳美村藥局,臺中市西區美村路一段６８１、６８３號１樓,(04)23782848
5903240429,神農藥局,臺中市西區公益路１９０之１號１樓,(04)23103335
5903250318,全太藥局,臺中市南區復興路一段４４７號,(04)22600068
5903250381,大樹美村藥局,臺中市南區美村南路１２４號,(04)22621113
5903250425,鴻源藥局,臺中市南區德富路９號１樓,(04)22655436
5903250434,仁美藥局,臺中市南區南平路１６９號,(04)22652495
5903250443,千美台安藥局,臺中市南區美村南路２６３號,(04)22602101
5903250514,泰友藥局,臺中市南區復興路二段９９巷１３號１樓,(04)22615701
5903250523,長榮藥局,臺中市南區新華街１８６號１樓,(04)22220210
5903260421,忠明小林健保藥局,臺中市北區忠明路１６１號,(04)22013666
5903260618,中清小林健保藥局,臺中市北區中清路一段８６、８８號１樓,(04)22034197
5903260627,明曜藥局,臺中市北區北平路二段１９０號１樓,(04)22916775
5903260663,佑全台中五權藥局,臺中市北區五權路４９６號,(04)22080702
5903260681,昭德藥師藥局,臺中市北區西屯路一段３４５號,(04)23235655
5903260734,立得藥局,臺中市北區忠太西路１１號１樓,(04)22080013
5903260743,黎明安德藥局,臺中市北區中清路１段８５２號１樓,(04)22956098
5903260752,躍獅達心藥局,臺中市北區雙十路二段１８７號１樓,(04)22344548
5903260761,杏一北區忠明藥局,臺中市北區忠明路４４２號１樓,(04)22081273
5903260789,瑞昌藥局,臺中市北區學士路１５５號１樓,(04)22056819
5903260798,光恒藥局,臺中市北區五權路２６１號１樓,(04)22068638
5903260814,杏一北區文心藥局,臺中市北區文心路４段２１０－８號１、２樓,22993847
5903270061,青育藥師藥局,臺中市西屯區河南路２段３６２號１樓,(04)27068798
5903270605,樂芙藥局,臺中市西屯區大墩路８８１號１樓,(04)23203100
5903270801,榮友藥局,臺中市西屯區臺灣大道四段１７４２號,(04)23508392
5903270810,佑全福星藥局,臺中市西屯區黎明路三段３９５、３９７號,(04)24527465
5903270847,分子藥局,臺中市西屯區惠來路二段２３６－１號,(04)22513080
5903270874,熊健康藥局,臺中市西屯區太原路一段２３２號,(04)23163505
5903270883,祥和大藥局,臺中市西屯區青海路二段２４０－９號,(04)27000122
5903270892,杏林堂藥局,臺中市西屯區黎明路三段１４８號１樓,(04)24528967
5903270909,元生藥局,臺中市西屯區大墩路９６０號,(04)23274539
5903270918,全成西屯藥局,臺中市西屯區黎明路三段２２１、２２３號1樓,(04)24512290
5903270927,河南小林健保藥局,臺中市西屯區河南路二段２９８號１樓,(04)24512830
5903270936,新元藥局,臺中市西屯區文心路三段５３２號１樓,(04)23121383
5903270963,源興大藥局,臺中市西屯區西屯路二段１２號,(04)23143045
5903271004,西屯青育藥師藥局,臺中市西屯區西屯路二段２９５－３號１樓,(04)27077898
5903271022,西屯藥局,臺中市西屯區西屯路三段１５０－４５號１樓,(04)24621822
5903271031,美十樂中科藥局,臺中市西屯區西屯路三段１６６－６５號１樓,(04)24610219
5903271059,安德藥局,臺中市西屯區福康路１７號１樓,(04)24638302
5903271068,西墩藥局,臺中市西屯區黎明路三段２７５、２７７號１樓,(04)24510770
5903271086,常春藤藥局,臺中市西屯區福康路８０號１樓,(04)24619296
5903271102,杏東美藥局,臺中市西屯區智惠街１５６號１樓,(04)24523798
5903271111,西屯長安藥局,臺中市西屯區成都路３６８號１樓,(04)22981221
5903271120,合和健保藥局,臺中市西屯區福科路７９３號１樓,(04)24630321
5903280450,瑞安藥局,臺中市南屯區大墩路２６１號,(04)24750818
5903280638,心靜藥局,臺中市南屯區黎明路一段１１３８號,(04)23823977
5903280647,澄光人文藥局,臺中市南屯區干城街３０５號,(04)22530303
5903280656,熊大心藥局,臺中市南屯區河南路四段３７６號,(04)22516252
5903280665,和平藥師藥局,臺中市南屯區大墩十街１９２號,(04)23260008
5903280683,詠悅藥局,臺中市南屯區大墩十二街６３７號,(04)22515012
5903280692,富康藥局,臺中市南屯區大墩路３２３號１樓,(04)24722677
5903280718,樂活藥局,臺中市南屯區大聖街３３２號１樓,(04)23106301
5903280727,大樹南屯藥局,臺中市南屯區向上路一段６４３號１樓,(04)24758887
5903280736,大育藥局,臺中市南屯區東興路二段７１號１樓,(04)24755656
5903280745,亨宇藥局,臺中市南屯區東興路二段２９－２號１樓,(04)24711206
5903280754,弘泰藥師藥局,臺中市南屯區向心南路９４８號１樓,(04)24750790
5903280763,全順藥局,臺中市南屯區永春東路３３９號１樓,(04)24730983
5903280781,美十樂藥局,臺中市南屯區東興路二段２７９號１樓,(04)24710219
5903280790,統一藥局,臺中市南屯區黎明路一段１１９號１樓,(04)24701996
5903290625,又昌中西健保藥局,臺中市北屯區東山路１段２２３號,(04)24375716
5903290830,齊方藥局,臺中市北屯區四平路３９號,(04)22912192
5903290849,新盛藥局,臺中市北屯區松竹路二段１５７號１樓,(04)22467779
5903290867,軍功啄木鳥藥局,臺中市北屯區軍功路二段１７５號,(04)22390160
5903290876,北屯軍功藥局,臺中市北屯區軍功路一段７５２號,(04)24375111
5903290894,豐禾藥局,臺中市北屯區同榮路１６３號,(04)24260588
5903290929,微笑藥局,臺中市北屯區昌平路一段３１８號１樓,(04)22432699
5903290938,中清崙湞藥局,臺中市北屯區中清路二段２９６號１樓,(04)22990409
5903290947,德寶健保藥局,臺中市北屯區熱河路一段７０號１樓,(04)22325511
5903290956,德霖藥局,臺中市北屯區東山路１段２１６－９號１樓,(04)24369526
5903290965,崇德藥局,臺中市北屯區崇德路二段３１號,(04)22361331
5903290974,興安永佳藥局,臺中市北屯區興安路一段３３３號１樓,(04)22437876
5903290983,祥和藥局,臺中市北屯區太原路三段１４７號１樓,(04)22369603
5903290992,益川健保藥局,臺中市北屯區昌平路二段４７－１號１樓,24213696
5903291006,五和健保藥局,臺中市北屯區崇德路二段４６０號１樓,22415533
5903291042,全成北屯藥局,臺中市北屯區北屯路４３９－１１號１樓,(04)22463518
5905010189,華陞藥局,臺南市新營區三民路１０６號１樓,(06)6329777
5905010214,大樹新營藥局,臺南市新營區民權路７４、７６、７８號１樓,(06)6328300
5905040105,幸福藥局,臺南市麻豆區光復路１２７號１樓,(06)5720977
5905040114,禾泰藥局,臺南市麻豆區中正路５９－３號１樓,(06)5720389
5905040123,麻豆啄木鳥藥局,臺南市麻豆區興國路５６－２２號１樓,(06)5714786
5905040132,大樹麻豆藥局,臺南市麻豆區中山路４８、５０號１樓,(06)5716556
5905050156,延興藥局,臺南市佳里區鎮山里延平路７６號１樓,(06)7238544
5905050165,德昌藥局佳里店,臺南市佳里區光復路２３３號,(06)7232388
5905050192,復佑藥局,臺南市佳里區光復路３１５號１樓,(06)7222771
5905050209,大樹佳里藥局,臺南市佳里區延平路２３７號１樓,(06)7231323
5905060161,和德藥局新化店,臺南市新化區清水里中山路４２０號１樓,(06)5802518
5905070078,善化啄木鳥藥局,臺南市善化區中山路１８１號１、２樓,(06)5853585
5905070103,有誼藥局,臺南市善化區文昌里中正路３８７號１樓,(06)5817767
5905070112,健登藥局,臺南市善化區大成路２１２號１樓,(06)5831133
5905070121,大樹善化藥局,臺南市善化區民權路５４、５６、５８號１樓,(06)5830550
5905080038,大樹學甲藥局,臺南市學甲區中正路１３５號１樓,(06)7820001
5905080047,生祥大藥局學甲店,臺南市學甲區華宗路３７６號１樓,(06)7838462
5905090025,中山藥局,臺南市柳營區中山西路二段１４５號１樓,(06)6221696
5905090034,維康藥局柳營店,臺南市柳營區太康里２０１－１０號,(06)6226228
5905100062,美尚藥局後壁店,臺南市後壁區後壁里１６８－８號,(06)6871138
5905120073,壹勝藥局,臺南市下營區中山路二段６６號１樓,(06)6890372
5905130033,鄰家藥局,臺南市六甲區甲南里珊瑚路１８號１樓,(06)6982086
5905130042,人大聯合藥局,臺南市六甲區中山路８號１樓,(06)6987822
5905140039,安安藥局隆田店,臺南市官田區中山路一段１５號１樓,(06)5795705
5905200085,大樹新市藥局,臺南市新市區中正路４９、５１號１樓,(06)5892552
5905210036,一翔藥局,臺南市安定區港南里港口１９６號１樓,(06)5935208
5905270158,佳德藥局,臺南市仁德區德糖路４７０號１樓,(06)2796767
5905270167,和德藥局仁德店,臺南市仁德區仁義里中山路５７６號１樓,(06)2703869
5905270176,大樹仁德藥局,臺南市仁德區中正路二段１１５２號１樓,(06)2797466
5905270185,朝伯藥局,臺南市仁德區中正路三段１號１樓,(06)2796655
5905280127,義德藥局歸仁店,臺南市歸仁區民權北路７５號１樓,(06)2300399
5905280136,悅橙歸仁藥局,臺南市歸仁區大通路４３號１樓,(06)2396660
5905280145,萊德藥局,臺南市歸仁區中山路二段７８號１樓,2305500
5905310773,長頸鹿藥局,臺南市永康區中華路６８１號,(06)3038515
5905310817,永大啄木鳥藥局,臺南市永康區永大路二段３９７號１樓,(06)2071575
5905310826,詠健藥局,臺南市永康區中山路１０２號１樓,(06)2033780
5905310871,晶辰藥局,臺南市永康區大灣里民族路３９６巷１號、３號、３９８號１樓,(06)2733368
5905310880,永東藥局,臺南市永康區中山路５５號１樓,(06)2318700
5905310924,永仁藥局,臺南市永康區永大路二段８５號１樓,(06)2730816
5905310933,樂馨藥局,臺南市永康區中山路８５號１樓,(06)2038100
5905310942,大樹南灣藥局,臺南市永康區大灣路５５５號１樓,(06)2728822
5905310951,合佑藥局,臺南市永康區安康里中華路６９５－２號１樓,(06)3020147
5905310979,復華藥師藥局,臺南市永康區復興里復華一街１３１號１樓,(06)3123597
5905310988,小東藥局,臺南市永康區小東路５７３號１樓,(06)3127169
5905311001,和德藥局復國店,臺南市永康區復國里復國一路３３９之７號１樓,(06)2038728
5905311010,樂丞藥局,臺南市永康區中正北路６０號１樓,(06)2433319
5905311038,莉志藥局,臺南市永康區建國里復國路８７巷３號１樓,(06)3123090
5905311074,中華長億藥局,臺南市永康區中華路７３４、７３６號１樓,(06)3022322
5905311083,心康藥局,臺南市永康區永大路二段１７９號１樓,(06)2055075
5905320564,杏一台南崇德藥局,臺南市東區崇德路６７４號,(06)2671939
5905320608,中華台安藥局,臺南市東區中華東路一段４號１樓,(06)2092622
5905320635,晉大藥局,臺南市東區東光里東興路２６４號１樓,(06)2092580
5905320653,東門台安藥局,臺南市東區中華東路三段２號１樓,(06)2904377
5905320662,台南鼎澄藥局,臺南市東區崇明路二十街１３號１樓,(06)2908855
5905320706,悅橙藥局,臺南市東區崇明路４５９號１樓,(06)2605168
5905320715,令和藥局,臺南市東區崇善路２６９號１樓,(06)2673578
5905320724,中華崇德藥局,臺南市東區中華東路三段１８１、１８３號１樓,(06)2880800
5905320733,大樹大同藥局,臺南市東區大同路二段２２７、２２９號１樓,(06)2158700
5905320742,榮記藥健康藥局,臺南市東區成大里育樂街１５６－４號底層,(06)2760588
5905320779,安麗兒藥局仁和店,臺南市東區仁和路１０５－１號１樓,2908000
5905330159,勝一藥局,臺南市南區省躬里灣裡路９０號１樓,(06)2626168
5905330284,大樹佳華藥局,臺南市南區金華路二段１２９號１樓,(06)2641238
5905330300,思元藥局,臺南市南區金華路一段４８６號１樓,(06)2632377
5905330337,千薏台安藥局,臺南市南區金華路二段２號１樓,(06)2638265
5905330346,康而富藥局,臺南市南區鹽埕里金華路１段３７５號１樓,(06)2639373
5905330355,明興啄木鳥藥局,臺南市南區明興路５１號１樓,(06)2620793
5905340235,人人藥局,臺南市中西區和緯路５段１９７號１樓,(06)3583668
5905340253,永華台安藥局,臺南市中西區永華路一段１８４、１８４－１號１、２、３樓,(06)2225531
5905340262,瑞城藥局,臺南市中西區赤嵌里忠義路二段１７６號１樓,(06)2215810
5905340271,南光藥局,臺南市中西區永福路２段７３號１、２樓,(06)2226539
5905350366,千多藥局,臺南市北區金華路五段１號,(06)2228641
5905350384,北安台安藥局,臺南市北區北安路一段１６３號,(06)2518166
5905350393,和緯啄木鳥藥局,臺南市北區和緯路２段１７６號,(06)2519805
5905350428,大正藥局,臺南市北區公園南路３２４號１樓,(06)2226899
5905350446,杏一藥局台南成大店,臺南市北區東豐路１５５號,(06)2382747
5905350464,北海藥局,臺南市北區華德里海安路三段９７２號１樓,(06)2525533
5905350482,大欣藥局,臺南市北區公園路２０３號１樓,(06)2236828
5905370073,宜康藥局同安店,臺南市安南區同安路２３５號１樓,(06)2470720
5905370180,安南啄木鳥藥局,臺南市安南區安和路一段１０７號,(06)2821265
5905370260,廣道藥局,臺南市安南區溪心里海佃路三段２１８號１樓,(06)2568383
5905370297,三多藥師藥局,臺南市安南區溪墘里海佃路一段１９４號１樓,(06)2581189
5905370304,大樹安南藥局,臺南市安南區安和路四段５５７號１樓,(06)3563370
5905370322,鳳凰平光中西藥局,臺南市安南區鳳凰里安中路一段７００巷２７號１樓,(06)2565635
5905370331,草湖寮王藥局,臺南市安南區梅花里安中路一段６３３號１樓,(06)2465859
5905370340,保安康藥局,臺南市安南區梅花里安中路一段７９３號１樓,(06)2552586
5905370359,宜康安和藥局,臺南市安南區安和路一段６８號１樓,(06)2521250
5905380177,凱順藥局,臺南市安平區育平里健康三街３９號１樓,(06)2999752
5905380239,怡家藥局,臺南市安平區國平里華平路１４６─５號１樓,(06)2970519
5905380248,康富聯合藥局,臺南市安平區華平路６５２號１樓,(06)2971960
5905380266,永華啄木鳥藥局,臺南市安平區文平里永華路二段３６９號１樓,(06)2985173
5905380275,心悅藥局,臺南市安平區華平里華平路５３７號１樓,(06)2973727
5907010187,人人好藥局,高雄市鳳山區五甲三路１０巷７號１樓,(07)8151566
5907010203,新富丁丁藥局,高雄市鳳山區新富路９５號,(07)7156198
5907010829,光遠藥局,高雄市鳳山區三民里光遠路２５８號１樓,(07)7419780
5907010963,喬生藥局,高雄市鳳山區文福里文建街１７８、１８０號,(07)7803366
5907011004,永豐久億藥局,高雄市鳳山區和興里五甲一路１１號１樓,(07)7104281
5907011040,伊甸藥師藥局文化店,高雄市鳳山區文福里文化西路１１號１樓,(07)7776002
5907011068,新高橋藥局文龍東店,高雄市鳳山區鎮北里文龍東路３１０號,(07)7353946
5907011086,長青連鎖藥局中山西店,高雄市鳳山區忠義里中山西路３７６－７號１樓,(07)7197787
5907011095,鳳山五甲藥局,高雄市鳳山區正義里五甲二路１３９號１樓,(07)7269899
5907011102,鳳山佑安藥局,高雄市鳳山區東門里中山東路１６６號１樓,(07)7030333
5907011148,大樹國泰藥局,高雄市鳳山區興仁里五甲一路２９２號,(07)7407234
5907011175,鳳西藥局,高雄市鳳山區忠義里中山西路２３８號１樓,(07)7902717
5907011184,肉豆公藥局南榮店,高雄市鳳山區善美里南榮路１６９號１樓,(07)7278385
5907011193,新高橋藥局新富店,高雄市鳳山區新泰里新富路４２８號１樓,(07)9630233
5907011200,和成藥局,高雄市鳳山區南成里和成路６５號１樓,(07)7961566
5907011219,協康健保藥局,高雄市鳳山區瑞竹里博愛路２１５號１樓,(07)7199259
5907011228,鳳山青年藥局,高雄市鳳山區文德里青年路二段３９９號１樓,(07)7678383
5907011264,新高橋藥局青年店,高雄市鳳山區文衡里青年路二段２８９號１樓,(07)7676179
5907011291,桂林活力藥師藥局鳳山店,高雄市鳳山區中正里瑞興路４８８號１樓,(07)7012827
5907011308,文龍藥局,高雄市鳳山區鎮北里文龍東路３５５號１樓,(07)7407638
5907011317,凱旋藥局,高雄市鳳山區國隆里新富路３７３號１樓,(07)7671181
5907020030,鑫德昌藥局,高雄市岡山區溪東路３８號１樓,(07)6233338
5907030116,樂寧藥局,高雄市旗山區大德里大同街１７號,(07)6622689
5907030134,旗山啄木鳥藥局,高雄市旗山區中華路１０５０號,(07)6625728
5907040023,大佳藥局,高雄市美濃區獅山里中華路５９－７號,(07)6852988
5907050056,晉升益藥局,高雄市林園區文賢里沿海路３段１５０號１樓,(07)6425665
5907050065,林園啄木鳥藥局,高雄市林園區鳳林路二段８０３號１樓,(07)6414772
5907060178,鴻安藥局,高雄市大寮區鳳林三路３９１、３９３號１樓,(07)7835956
5907060221,淑德健保藥局,高雄市大寮區內坑里淑德新村１號３樓,(07)7923556
5907060230,華思中西藥局,高雄市大寮區永芳里進學路１２２號１樓,(07)7835567
5907080250,仁同藥局,高雄市仁武區八卦里永仁街７０６號１樓,(07)3736142
5907080269,興德昌藥局,高雄市仁武區文武里中華路２３２號,(07)3757005
5907080278,博適倫藥局,高雄市仁武區八卦里永仁街２６５號１樓,(07)3755708
5907080296,新四季藥局,高雄市仁武區仁慈里仁慈路１９０號１樓,(07)7333606
5907090023,金元發藥局,高雄市大社區中山路１９９號,(07)3542200
5907090121,新高橋藥局大社店,高雄市大社區中山路２７７號１樓,(07)3485857
5907100088,本館藥局,高雄市鳥松區大華里本館路１９０號１樓,(07)3707655
5907110093,順和藥局,高雄市橋頭區仕豐路５號,(07)6118688
5907110146,民權藥局,高雄市橋頭區橋頭里２８鄰成功路２２７號１樓－２２９號１樓,(07)6113632
5907110155,丁丁藥局橋頭店,高雄市橋頭區成功南路１４８巷３號,(07)6113633
5907120026,安康健保藥局,高雄市燕巢區中興路８號,(07)6141103
5907140108,德昌藥局阿蓮店,高雄市阿蓮區阿蓮里中正路４５６號,(07)6318868
5907140117,悅安藥局,高雄市阿蓮區和蓮里信義路１１１號,(07)6319632
5907140126,天德藥局阿蓮店,高雄市阿蓮區南蓮里忠孝路１６８、１７０號,(07)6311566
5907150239,固德藥局,高雄市路竹區金平路３１２號,(07)6978641
5907150248,宗明藥局路竹店,高雄市路竹區中正路１０６－１號１樓,(07)6962391
5907170035,得安藥局,高雄市茄萣區嘉安里仁愛路三段５６巷１－３號,(07)6909718
5907200047,永恒健康生活藥局,高雄市梓官區智蚵里通安路１７６號１樓,(07)6102755
5907200065,復安堂藥局,高雄市梓官區信蚵里廣澤路２號１樓,(07)6103147
5907210034,大晉藥局,高雄市六龜區義寶里太平路１１６號,(07)6894951
5907290265,新美館藥局,高雄市鼓山區中華一路９７２號,(07)5522006
5907290274,明誠丁丁藥局,高雄市鼓山區明誠三路４６５號,(07)5520120
5907300177,人尚大藥局,高雄市左營區榮總路１０９號１樓,(07)3100000
5907300631,大樹孟子藥局,高雄市左營區孟子路２２６、２２８號,(07)3461772
5907300668,米米藥局,高雄市左營區富民路３０１號１Ｆ,(07)5570569
5907300677,佳寧峰藥局,高雄市左營區部後街２號,(07)5886408
5907300686,左營自由藥局,高雄市左營區自由二路３５０、３５０－１號,(07)5589991
5907300702,禾順左營藥局,高雄市左營區自由三路４１０號２樓,(07)3592582
5907300711,富元聯合健康藥局,高雄市左營區博愛三路３７號,(07)3488585
5907300748,翔生藥局合群店,高雄市左營區緯六路２５６號,(07)5880055
5907300757,奕康藥局,高雄市左營區明華一路７６號,(07)5561908
5907300775,詠康藥局,高雄市左營區明華一路２６５號,(07)5580165
5907300784,新高橋藥局博正店,高雄市左營區忠言路１８０號,(07)5509810
5907300800,元大藥師健保藥局,高雄市左營區榮德街３２７號,(07)3507531
5907300819,志全藥局,高雄市左營區富國路１６８號１樓,(07)5568217
5907300828,丁丁藥局北高雄店,高雄市左營區自由三路１４８號,(07)3453680
5907300855,新高橋藥局裕誠店,高雄市左營區裕誠路２９１號１樓,(07)5573857
5907300882,得孚社區藥局,高雄市左營區重立路５３３號１樓,(07)3410121
5907300891,新高橋藥局華夏店,高雄市左營區華夏路１１１０號,(07)3410915
5907300908,明自丁丁藥局,高雄市左營區自由二路１５２號１樓,(07)5568902
5907300926,高鐵藥局,高雄市左營區華夏路１３２２．１３２６號,3452797
5907310271,漢宏健保藥局,高雄市楠梓區加宏路９７號,(07)3626086
5907310280,光玉藥局,高雄市楠梓區德民路１００６－５號,(07)3659555
5907310315,小太陽康健藥局,高雄市楠梓區德民路９９３號１－２樓,(07)3635808
5907310342,楠梓久億藥局,高雄市楠梓區德祥路２２１號,(07)3657099
5907310351,惠民楠梓藥局,高雄市楠梓區建楠路２１７號,(07)3521896
5907310360,百康藥局,高雄市楠梓區右昌街４１６號,(07)3601281
5907310379,德昌藥局,高雄市楠梓區德賢路２１５號,(07)6250942
5907310388,宸實藥局,高雄市楠梓區後昌路４７巷２３－１號,(07)3642142
5907320295,新高橋藥局澄清店,高雄市三民區澄和路２號１樓,(07)3815186
5907320633,勁康健保藥局,高雄市三民區義華路４０２號１樓,(07)3966716
5907320768,心樂保健藥局,高雄市三民區光裕路７８號１樓,(07)3855377
5907320777,桉家藥師藥局,高雄市三民區明誠一路３９３號,(07)3929732
5907320795,建工藥局,高雄市三民區建工路３９６號１樓,(07)3839900
5907320802,欣盛藥局,高雄市三民區平等路１０１號１樓,(07)3851377
5907320811,力生藥局,高雄市三民區鼎中路１６８號１樓,(07)3105231
5907320848,仕康健保藥妝藥局,高雄市三民區建興路２２２號,(07)3845050
5907320857,陽明上鼎藥師健保藥局,高雄市三民區陽明路１０１號１樓,(07)3962358
5907320875,耀美麗藥局,高雄市三民區中華三路２８３號,(07)2153885
5907320893,大樹天祥藥局,高雄市三民區天祥一路１６７號,(07)3429902
5907320900,大昌藥局,高雄市三民區大昌二路３９７號,(07)3961396
5907320919,心寬福藥局,高雄市三民區大順二路７１８號一樓,(07)3832366
5907320928,高杏健保藥局,高雄市三民區義華路４３２號,(07)3819918
5907320946,熊安心藥局,高雄市三民區黃興路５３號,(07)3815212
5907320955,禾藥局,高雄市三民區博愛一路２２３－１號１樓,(07)3225777
5907320964,森心藥局,高雄市三民區自強一路２１６號１樓,(07)2818580
5907320973,振源藥局,高雄市三民區熱河一街３５５號１樓,3112541
5907320982,康圓藥局,高雄市三民區大豐二路３５９．３６１號１樓,3909978
5907330148,康園藥局,高雄市新興區六合一路５３－１２號,(07)2372069
5907340091,捷康藥妝藥局,高雄市前金區七賢二路３９６號一樓,(07)2166099
5907350480,健森藥局,高雄市苓雅區林森二路１３８號１、２樓,(07)3365169
5907350499,鑫美健保特約藥局,高雄市苓雅區光華一路１４８－５８號１樓,(07)7715088
5907350506,大樹苓雅藥局,高雄市苓雅區中華四路１５３號,(07)5353111
5907350533,健群藥局,高雄市苓雅區安業路４０號,(07)7150097
5907350551,大樹武廟藥局,高雄市苓雅區武廟路４３、４５號１樓,(07)7222268
5907350560,成功合豐藥局,高雄市苓雅區成功一路１７０號１樓,(07)2695657
5907350588,健安藥局,高雄市苓雅區建軍路４號,7405332
5907360413,益源藥局,高雄市前鎮區草衙二路４１８號,(07)8412120
5907360548,芳鄰藥局,高雄市前鎮區中華五路９９３號１樓,(07)5361134
5907360575,鈞愉健保藥局,高雄市前鎮區鄭和南路４１８號,(07)5360421
5907360584,聖名健保藥局,高雄市前鎮區復興三路２４６號１樓,(07)3319431
5907360600,桂林活力藥師藥局草衙店,高雄市前鎮區草衙二路３６０號,(07)8131819
5907360619,前鎮大樹藥局,高雄市前鎮區瑞隆路４７２號１樓,(07)7137171
5907360628,風鈴藥局,高雄市前鎮區管仲路３７號,(07)5367833
5907380184,桂林活力藥師藥局孔鳳店,高雄市小港區孔鳳路５６１號１樓,(07)7912331
5907380264,大樹孔鳳藥局,高雄市小港區孔鳳路５１９、５２１號,(07)7918521
5907380317,朋盛藥局,高雄市小港區大鵬路１４２號,(07)8017288
5907380326,小康藥局,高雄市小港區漢民路３３３號,(07)8069122
5907380344,大樹小港藥局,高雄市小港區康莊路７５號１樓,(07)8068328
5907380353,桂林活力藥師藥局漢民店,高雄市小港區漢民路６９１－１及６９１－２號１樓,(07)8010636
5907380371,希望藥局,高雄市小港區高坪二十七街４３０號１樓,8911501
5911011325,永好藥局,基隆市中正區北寧路３１５號１樓,(02)24697639
5911011576,百福義一藥師藥局,基隆市中正區義一路４８號１樓,(02)24268288
5911011585,雙鶴藥局,基隆市中正區義一路３５號１樓,(02)24263193
5911011594,禾新藥局,基隆市中正區新豐街２０５巷７號,(02)24698940
5911011601,義一啄木鳥藥局,基隆市中正區義一路１１１號１、２樓,(02)24271456
5911011610,躍獅大藥局,基隆市中正區義二路３５號,(02)24286960
5911011629,百福新豐活力藥局,基隆市中正區新豐街４０５號,24699990
5911021429,雅登藥局,基隆市七堵區福二街２００號１樓,(02)24513213
5911031283,福安藥局,基隆市暖暖區暖暖街５５２號,(02)24588550
5911031292,百福暖暖專業藥局,基隆市暖暖區暖暖街１８９號１樓,(02)24596999
5911031318,安安藥局,基隆市暖暖區源遠路１６８號,(02)24585577
5911041618,永樂藥局,基隆市仁愛區忠二路２２號,(02)24214878
5911041903,長虹藥師藥局,基隆市仁愛區仁三路８８號１樓,(02)24261318
5911041921,祥新藥局,基隆市仁愛區忠一路２０號１樓,(02)24265551
5911041949,捷登藥局,基隆市仁愛區孝三路９２號１樓,(02)24237888
5911041958,百福仁愛專業藥局,基隆市仁愛區仁四路５０號１樓,(02)24266699
5911041967,東隆藥局,基隆市仁愛區仁二路１０５號２樓,(02)24260727
5911051463,宏海藥局,基隆市中山區復興路１４４號,(02)24373933
5911051472,外木山藥局,基隆市中山區復興路３２８之５號,(02)24373636
5911051481,仁登藥局,基隆市中山區復興路１２２號,(02)24375789
5911051490,大哈密藥局,基隆市中山區中山二路５號,(02)24285368
5911051507,百福安一藥局,基隆市中山區安一路８１號,(02)24258068
5911051516,復興藥局,基隆市中山區復興路１２８、１３０、１３２、１３４號１、２樓,(02)24362566
5911061343,基金藥局,基隆市安樂區基金一路１３３－６號１樓,(02)24332953
5911071590,基隆藥局,基隆市信義區東信路１６６、１６８號１、２樓,(02)24680955
5912012139,康博中西藥局,新竹市東區明湖里明湖路四四六之四號,(03)5191010
5912013118,合康連鎖藥局食品店,新竹市東區食品路１４０號,(03)5621111
5912013181,得安專業藥師藥局,新竹市東區中華路二段６５２號,(03)5283038
5912013261,禾心藥局,新竹市東區民生路２３１號１樓,(03)5332403
5912013305,合康連鎖藥局,新竹市東區中華路２段２２２號,(03)5321636
5912013341,康健藥局,新竹市東區中央路１２８－１號,(03)5359789
5912013387,禾安藥局,新竹市東區龍山東路１號２樓,(03)6662782
5912013412,牛津藥局,新竹市東區民族路６２號１樓,(03)5320780
5912013430,合康連鎖藥局西門店,新竹市東區西門街４１號１樓,(03)5211188
5912013458,佑全新竹自由藥局,新竹市東區自由路１０７號１、２樓,5428497
5912013467,新莊藥局,新竹市東區光復路一段４７３號一樓,(03)5634775
5912042404,豐盛藥局,新竹市北區光華二街３５號,(03)5335651
5912042637,中福藥局,新竹市北區中福路８３號,(03)5366996
5912042664,永沛藥局,新竹市北區湳雅街２０９號,(03)5328563
5912042717,好鄰居健保藥局,新竹市北區西門街１２３號（１樓）,(03)5400538
5912042744,立新藥師藥局,新竹市北區延平路１段２４５號１樓,(03)5228968
5912042762,大樹新竹藥局,新竹市北區西大路５４０、５４２號１、２樓,(03)5250388
5912042771,悅橙藥局,新竹市北區延平路１段１６１巷４３號１樓,(03)5250805
5912042799,新竹北門藥局,新竹市北區中正路３６０、３６２號,(03)5333234
5912042806,仁佑藥局,新竹市北區南寮里西濱路一段５００號一樓,(03)5363818
5912051412,元培藥局,新竹市香山區元培街３０６號光曜樓１、２樓,(03)5937289
5917021718,中大藥局,臺中市東區十甲路５０５號,(04)22131348
5917032775,北醫藥師藥局,臺中市西區東興路三段８９號,(04)23205250
5917050433,松鶴藥局,臺中市北區文莊里篤行路２２４號,(04)22028790
5917070515,裕登藥局,臺中市南屯區大墩二街９１號１Ｆ,(04)24715280
5917083209,崇德啄木鳥藥局,臺中市北屯區崇德路二段２１７號,(04)22410441
5921012781,盈如藥局,臺南市東區中華東路３段６８號１樓,(06)2895839
5922013031,德昌藥局,嘉義市東區中央里吳鳳北路２１１號,(05)2280306
5922013040,軍輝啄木鳥藥局,嘉義市東區興村里軍輝路２２２號,(05)2395963
5922013068,吳鳳藥局,嘉義市東區吳鳳南路５８５號,(05)52399311
5922013077,慶獅藥局,嘉義市東區華南里公明路１３３號,(05)2249366
5922020858,大統藥局,嘉義市西區慶安里北興街１３６號,(05)2330230
5922020885,廣泰藥局,嘉義市西區仁愛路４４２號,(05)2250342
5922020901,聯弘藥局,嘉義市西區中興路１８８號,(05)2331368
5922020910,苰安藥局,嘉義市西區竹圍里友愛路２３６號１樓,(05)2910585
5922020929,慶昇健保藥局,嘉義市西區番社里北榮街２１７號１樓,2221623
5922028881,中興中西藥局,嘉義市西區垂楊路５０１號,(05)2353096
5931014831,詠濟藥局,新北市板橋區幸福路２３號,(02)22536951
5931016077,可安藥局,新北市板橋區南雅南路１段８之６號（１樓）,(02)29650131
5931016139,莊敬健康人生藥局,新北市板橋區莊敬路８７號１樓,(02)22570028
5931016540,新海藥局,新北市板橋區新海路１２２號１、２樓,(02)22500190
5931016586,賜安藥局,新北市板橋區信義路６０號１樓,(02)29617483
5931016595,宥康婦幼健保藥局,新北市板橋區仁化街３０號１樓,(02)82528162
5931016737,必生好藥局,新北市板橋區松柏街６７號１樓,(02)22511057
5931016915,微笑藥局,新北市板橋區中正路２１１號,(02)29655811
5931017163,快樂藥局中山店,新北市板橋區中山路１段１０４號（１樓）,(02)89611366
5931017172,順儷府中藥局,新北市板橋區中山路１段９６號（１樓）,(02)29541199
5931017181,順儷民權藥局,新北市板橋區民權路２３４號１樓,(02)29609555
5931017190,晴光藥局,新北市板橋區中山路２段２２５號２樓,(02)29646682
5931017207,振昌藥局,新北市板橋區溪崑二街１４號１樓,(02)26862119
5931017216,康鑫藥局,新北市板橋區文化路１段２０６號１樓,(02)82585135
5931017261,正康新埔藥局,新北市板橋區介壽街４號（１樓）,(02)82595882
5931017270,躍獅新埔藥局,新北市板橋區陽明街４７號１樓,(02)22543932
5931017289,板橋大樹藥局,新北市板橋區忠孝路２８號（１樓）,(02)29555551
5931017305,躍獅國慶藥局,新北市板橋區國慶路１７９號（１樓）,(02)29641548
5931017314,大楓藥師藥局,新北市板橋區懷仁街８４號（１樓）,(02)29560576
5931017341,台安藥局,新北市板橋區中正路２０４號１樓、２樓、３樓,(02)29663600
5931017369,軒源藥局,新北市板橋區信義路１６９號（１樓）,(02)29583995
5931017396,美康四維藥局,新北市板橋區四維路１２２號１樓,(02)22506616
5931017403,光澤醫美藥局,新北市板橋區四川路１段２１號（１樓）,(02)29551215
5931017449,順儷長安藥局,新北市板橋區長安街１３８巷１弄５２號（１樓）,(02)29509615
5931017458,吉發藥局,新北市板橋區文化路１段１８８巷５弄１５號１樓,(02)22577381
5931017494,佑全板橋四川藥局,新北市板橋區四川路１段４７１號１樓,(02)29559598
5931017501,福澤館前藥局,新北市板橋區館前西路１３２號（１樓）,(02)29668399
5931017529,埔全藥局,新北市板橋區忠孝路３３號（１樓）,(02)29567309
5931017538,麗森藥師藥局連鎖麗寶藥局,新北市板橋區三民路２段１３３號（１樓）,(02)29557141
5931017547,好爸爸藥局,新北市板橋區民治街１０７號１樓,(02)22559955
5931017556,光鹽藥局,新北市板橋區中山路２段８４之２號（２樓）,(02)29552167
5931017574,福安藥局,新北市板橋區國泰街７６巷２４、２６號１樓,(02)29540875
5931017592,重慶藥局,新北市板橋區國慶路１２７號（１樓）,(02)29565586
5931017609,莊敬藥局,新北市板橋區莊敬路１６３號（１樓）,(02)22551105
5931017618,新埔健保藥局,新北市板橋區自由路２號１樓,(02)22558878
5931017627,長頸鹿藥師藥局,新北市板橋區忠孝路１８１號（１樓）,(02)29598095
5931017636,福澤藥局,新北市板橋區南雅南路一段８５號（１樓）,(02)29690013
5931017645,松立藥局,新北市板橋區四川路２段９９之１０號（１樓）,89670100
5931017654,葆康藥局,新北市板橋區四川路２段２４５巷３號（１樓）,(02)89678373
5931017663,盛生藥局,新北市板橋區合宜路９９號（１樓）,(02)89697299
5931024088,美滿藥局,新北市三重區中華路１６號,(02)89824272
5931024695,仁華藥局,新北市三重區五華街７３－１號１樓,(02)29806161
5931025174,小林健保藥局,新北市三重區文化北路６１－１號１樓,(02)29763895
5931025432,利民藥局,新北市三重區自強路１段１７１號、１７３號１樓及２樓,(02)29852826
5931025441,尚好藥局,新北市三重區力行路２段１４２號１樓,(02)22863232
5931025487,臻曜藥局,新北市三重區重新路１段１２９號１樓,(02)29786003
5931025503,德心藥局,新北市三重區三和路４段３２４號１樓,(02)82878101
5931025521,徐匯藥局,新北市三重區仁愛街７５５號１樓,(02)28572234
5931025549,吉康健保藥局,新北市三重區三民街２７９號１樓,(02)89810122
5931025558,藥比健保藥局,新北市三重區成功路１０２號１樓,(02)29730069
5931025610,大樹三重藥局,新北市三重區正義北路６６號１樓,(02)29713188
5931025638,華安生活藥局,新北市三重區重新路２段１２６號１樓,(02)29756534
5931025647,幸康藥局,新北市三重區正義北路２０５號２樓,(02)29816052
5931025656,煜安健保藥局,新北市三重區光明路２３號１樓,(02)29768128
5931025683,政昇藥局,新北市三重區正義北路１２３號２樓之３,(02)29815690
5931025692,杏一三重集成藥局,新北市三重區集成路４３號１樓,(02)29743410
5931025709,重新藥局,新北市三重區重新路４段１２號１樓,(02)29742700
5931025727,仁美藥局,新北市三重區慈愛街５１號１、２樓,(02)22805150
5931025736,五華春天生活藥局,新北市三重區五華街７３號１、２樓,(02)29876838
5931025745,恆源藥局,新北市三重區仁興街２８巷４１號１樓,(02)29765002
5931025754,躍獅欣欣藥局,新北市三重區正義北路２３３號１樓,(02)29816955
5931025763,美康三和藥局,新北市三重區三和路４段３２２號１、２樓,(02)22866858
5931025781,芯慈藥局,新北市三重區永安北路２段１０５號１樓,(02)28570670
5931025790,銀河藥局,新北市三重區五華街２４７號１樓,(02)28578688
5931025807,永福藥局,新北市三重區永福街３號１樓,(02)22861161
5931025816,安立藥局,新北市三重區正義北路３１７號１樓,(02)89852926
5931025825,美康中正北藥局,新北市三重區中正北路１４９號１樓２樓,29882836
5931032875,上安藥局,新北市永和區仁愛路８０號１樓,(02)22328565
5931033541,大欣安藥局,新北市永和區得和路３７０號１樓,(02)29450808
5931033774,台化藥局,新北市永和區勵行街１１９號１樓,(02)22318585
5931033863,欣安大藥局,新北市永和區福和路２２１號１樓,(02)22326685
5931033881,十路藥局,新北市永和區永貞路１６４號１樓,(02)29258955
5931033890,康杏安藥局,新北市永和區保平路６０號１樓,(02)29298968
5931033925,康和藥局,新北市永和區中和路５８９號１樓,(02)22310300
5931033961,永和大樹藥局,新北市永和區福和路１４３號１、２樓,(02)29233377
5931033989,悠活藥局,新北市永和區得和路３３０號１樓,(02)31516288
5931033998,新資生永貞大藥局,新北市永和區永貞路４２９號１樓,(02)29227202
5931034011,律安藥局,新北市永和區中和路３２１號１樓,29287212
5931034039,叁品藥局,新北市永和區秀朗路２段１１８號１樓,29208800
5931034048,崇恩藥局,新北市永和區成功路二段１３５號１樓,(02)89214022
5931034057,佑全永和中山藥局,新北市永和區中山路１段２２７、２２９、２３１號１樓,(02)22331546
5931040297,信隆大藥局,新北市中和區安樂路６號１至２樓,(02)29426196
5931043761,杏元藥局,新北市中和區員山路１７２號１樓,(02)22236868
5931044704,惠民藥局,新北市中和區中興街１５３號１樓,(02)22475303
5931044848,和霖生活藥局,新北市中和區復興路２８９號１樓,(02)22458227
5931044875,誼安健業藥局,新北市中和區宜安路１１８巷２０號１樓,(02)86600058
5931044884,壹品藥局,新北市中和區福祥路５５號１樓,(02)22481818
5931044928,芳碩藥局,新北市中和區連城路４７巷２號１樓,(02)82458816
5931044955,安騏生活藥局,新北市中和區南華路１５號１樓,(02)22445130
5931044973,佳禾藥局,新北市中和區自立路３２號１樓,(02)29428989
5931044982,萊恩藥局,新北市中和區景安路２０９號１樓,(02)29468395
5931044991,曜群藥局,新北市中和區景安路２５號１樓,(02)89432206
5931045032,朝安藥局,新北市中和區復興路２６２號１樓,(02)31511269
5931045041,大誠藥局,新北市中和區民享街８７號１樓,(02)22258394
5931045050,日發藥師藥局,新北市中和區華新街１９２巷４０號１樓,(02)89411088
5931045069,禾昌藥局,新北市中和區中安街１７８巷２號１樓,(02)29267330
5931045078,福澤員山藥局,新北市中和區員山路１２２號１樓,(02)22219551
5931045103,榮記大藥局,新北市中和區員山路４８２號１樓,(02)22239546
5931045112,景安藥局,新北市中和區景德街１４１號１樓及景平路１１１巷６０弄５６號,86688215
5931045121,富康活力景新藥局,新北市中和區景新街３２８號１樓,29485117
5931045130,四維藥局,新北市中和區四維街３７巷２號１樓,(02)86681345
5931052653,正升藥局,新北市新店區順安街６１號１樓,(02)29139493
5931052699,維顥藥局,新北市新店區中興路１段２７９號１樓,(02)29171986
5931053025,健詮藥局,新北市新店區建國路１１９號１樓,(02)29116312
5931053034,康宜庭市公所藥局,新北市新店區北新路１段２８５號１樓,(02)29151709
5931053061,耕莘健康人生藥局,新北市新店區民族路１８６號１樓,(02)22194743
5931053070,美康中正藥局,新北市新店區中正路２１５號１、２樓,(02)29112669
5931053089,昇活藥局,新北市新店區安民街２６９巷２號１樓,(02)22114166
5931053098,仁心藥局,新北市新店區中正路４０２號１樓,(02)22186322
5931053123,大吉藥局,新北市新店區中正路３０號１樓,(02)29110151
5931053132,康宜庭碧潭藥局,新北市新店區北宜路１段４１號１樓,(02)29186266
5931053141,禾康藥局,新北市新店區德正街４４號１樓,(02)29160596
5931053150,十二願藥局,新北市新店區中正路６８２號１樓,(02)22181899
5931053169,貳品藥局,新北市新店區新和街７５號１樓,(02)89418890
5931053178,長照藥局,新北市新店區如意街１６號１樓,(02)22153325
5931060548,二安藥局,新北市新莊區中港路６５號,(02)29914527
5931068464,健安藥局,新北市新莊區光和里民安西路２０９號１樓,(02)22043765
5931068633,福華藥局,新北市新莊區自立里復興路２段１０９號,(02)89917390
5931069425,國安藥局,新北市新莊區中和街１５５巷６號１樓,(02)29938003
593106A324,向日葵健保藥局,新北市新莊區建福路５０號１樓,(02)22060377
593106A566,一心春天藥局,新北市新莊區中和街１３號１樓、地下室,(02)89929482
593106A584,記安大藥局,新北市新莊區天祥街４６號１樓,(02)22095331
593106A600,全鎵藥局,新北市新莊區建中街２２號１樓,(02)22761550
593106A628,中原藥局,新北市新莊區中原路９３號１樓,(02)89920668
593106A637,薇妮藥妝藥局,新北市新莊區民安路９９號１樓,(02)82010817
593106A646,薇妮雙鳳藥局,新北市新莊區雙鳳路２１號１樓,(02)29076993
593106A708,宏福藥局,新北市新莊區自信街５５號１樓,(02)29985225
593106A717,大樹幸福藥局,新北市新莊區幸福路６７２號１樓,(03)4333123
593106A726,良和健保藥局,新北市新莊區龍安路４９號１樓,(02)29048157
593106A744,永明藥局,新北市新莊區幸福路５９８號１樓,(02)89920019
593106A753,宜安中西藥局,新北市新莊區龍安路２４號１樓,(02)29083318
593106A771,新佑康健保藥局,新北市新莊區中華路１段３５號１樓,(02)29947490
593106A824,家禾藥局,新北市新莊區立信五街６號１樓,(02)29972121
593106A833,欣國藥局,新北市新莊區富國路５７號１樓、２樓,(02)29080958
593106A842,鼎極藥局,新北市新莊區民安西路３７６號之１、之３（１樓）,(02)22073228
593106A851,躍獅新豐藥局,新北市新莊區豐年街１６號１樓,(02)22058055
593106A897,陽光豐年藥局,新北市新莊區豐年街１４號１樓,(02)22060665
593106A922,德翰藥局,新北市新莊區四維路１７１巷１、３號１樓,(02)22025576
593106A931,建安藥局,新北市新莊區建安街１１７號、１１９號１樓,(02)22051969
593106A959,新莊大藥局,新北市新莊區福壽街１３０號１樓,(02)29933885
593106A968,新莊丁丁藥局,新北市新莊區民安西路２３７號１樓,22022388
593106A977,丹鳳藥局,新北市新莊區中正路７４５、７４７號（１樓）,29065755
593106A995,美德心藥局,新北市新莊區中平路３６７號１樓,29989025
5931072020,泰平藥師藥局,新北市樹林區彭福里太平路１４３號,(02)86860038
5931072039,樹林藥師藥局,新北市樹林區鎮前街２４號１樓,(02)26823030
5931072388,愛立康藥局,新北市樹林區大雅路２８６號１樓,(02)89706878
5931072404,伯安綜合藥局,新北市樹林區中華路１０８號１樓,(02)86856551
5931072413,誠新大藥局,新北市樹林區中山路１段２４號１樓,(02)26870204
5931072422,三樹食在好健康藥局,新北市樹林區學成路６００號１樓,(02)26807101
5931072431,樹林大樹藥局,新北市樹林區育英街５４號１－２樓,(02)26815488
5931072459,健康人生藥局,新北市樹林區博愛一街２６號１樓,(02)26814394
5931072468,樹林丁丁藥局,新北市樹林區中華路１７４號１樓,(02)86851518
5931072477,信和藥局,新北市樹林區博愛街１７８號２樓,(02)26821991
5931072495,鄰康藥局,新北市樹林區日新街３９號１樓,(02)26855472
5931081485,信義健保藥局,新北市鶯歌區信義街６３號１樓,(02)86775563
5931081494,康群藥局,新北市鶯歌區建國路２０２號１樓,(02)26796690
5931081510,鶯歌藥局,新北市鶯歌區鶯桃路２段１１號１樓,(02)86778778
5931081529,正雅藥局,新北市鶯歌區建國路１７６號１樓,(02)26701128
5931091972,三峽大昌藥局,新北市三峽區民生街５６號１樓,(02)26711560
5931091990,欣美大藥局,新北市三峽區大同路５２號１樓,(02)86712269
5931092022,瑞達美藥局,新北市三峽區民權街１８０號１樓,(02)86741627
5931092040,一大藥局,新北市三峽區橫溪路２３號１樓,(02)86766677
5931092059,三峽啄木鳥藥局,新北市三峽區中正路１段１４１號１樓,(02)26744321
5931092068,益銘藥師藥局,新北市三峽區大德路１８１號１樓,(02)26723662
5931092095,禾雅藥局,新北市三峽區文化路１３０號（１樓）,(02)26718621
5931092102,升威藥局,新北市三峽區文化路２３號１樓,(02)26731120
5931092111,立雅藥局,新北市三峽區文化路８４號（１樓）,26712601
5931100092,上全藥局,新北市淡水區民族路３６號,(02)28098022
5931101973,良順藥局,新北市淡水區中山北路１段２４號１樓,(02)26218111
5931102121,淡海藥師藥局,新北市淡水區淡海路８５號,(02)28052668
5931102176,淡水健康人生藥局,新北市淡水區清水街９－２號１樓,(02)26269679
5931102229,貝比爾藥局,新北市淡水區中山北路１段１７１號１樓,(02)26261577
5931102265,佳藥長照藥局,新北市淡水區學府路７５號１樓,(02)26211321
5931102292,佑全淡水淡金藥局,新北市淡水區淡金路５５號、５７號１樓,(02)26228040
5931102309,憲立藥局,新北市淡水區自強路２９５號１樓,(02)28092212
5931102318,躍獅學府藥局,新北市淡水區學府路７７號（１樓）,(02)26295603
5931102327,淡水藥局,新北市淡水區中山路１２７號（１～２樓）,(02)86313663
5931112225,杏恩健保藥局,新北市汐止區仁愛路１８９號,(02)26435728
5931112798,益嘉藥局,新北市汐止區忠孝東路２４１號２樓,(02)86423527
5931112896,永清藥局,新北市汐止區中興路１８１之１號１樓,(02)26925037
5931112912,富康藥局,新北市汐止區忠孝東路４５９號１樓,(02)86481302
5931112921,明恩藥局,新北市汐止區明峰街１７９之１號１樓,(02)26923877
5931112976,永康中西綜合藥局,新北市汐止區龍安路１７５號１樓,(02)86915580
5931112994,汐止藥局,新北市汐止區福德二路７０號１樓,(02)86932587
5931113017,蒲公英藥局,新北市汐止區連興街１２６號１樓,(02)26907770
5931113053,建忠藥局,新北市汐止區建成路３７巷１１號１樓,(02)26422101
5931113062,健康晨光藥局,新北市汐止區大同路２段５１６號１樓,(02)26433111
5931121402,瑞慶藥局,新北市瑞芳區大埔路１３０號,(02)24586386
5931121420,永展藥局,新北市瑞芳區民權街６巷１之１號,(02)24960500
5931121448,伊達藥局,新北市瑞芳區明燈路３段３６號,(02)24969654
5931132610,久安藥局,新北市土城區廣明街７０號１樓,(02)89671097
5931133395,順儷金城藥局,新北市土城區金城路３段１４７號１樓,(02)22621590
5931133439,志仁藥局,新北市土城區學府路１段１０２號１樓,(02)22737222
5931133457,博盛健保藥局,新北市土城區立德路６６號２樓,(02)22622331
5931133466,土城金城藥局,新北市土城區裕民路２８０號１、２樓,(02)22631616
5931133493,順儷學府藥局,新北市土城區學府路１段１４４巷２號１樓,(02)22701979
5931133519,埔銓藥局,新北市土城區裕民路１６４號１、２樓,(02)22630230
5931133537,裕生藥局,新北市土城區裕生路４號夾層樓,(02)22705661
5931133546,宏林保健藥局,新北市土城區裕民路１３４號（１樓）,82615919
5931133564,城恩藥局,新北市土城區學成路３４號１樓,22735808
5931142241,永恩健康藥局,新北市蘆洲區民族路４１４號１樓,(02)22880379
5931142429,世全藥局,新北市蘆洲區民生街１３３號１樓,(02)22817386
5931142554,宏祐藥局,新北市蘆洲區復興路２０２號１樓,(02)82815252
5931142858,愛佳健保藥局,新北市蘆洲區長榮路９６號１樓,(02)22825835
5931142876,中美永結藥局,新北市蘆洲區長安街１８５號１樓,(02)22887676
5931142901,快樂藥局長榮店,新北市蘆洲區長榮路６０號１樓,(02)22813567
5931142956,華粲藥局,新北市蘆洲區民族路９０號２樓,(02)82822026
5931142965,百分百藥局,新北市蘆洲區中山二路４８號２樓,(02)22890968
5931142974,大樹長榮藥局,新北市蘆洲區長榮路６１、６１－１號１樓,(02)28480567
5931143015,喜健康藥局,新北市蘆洲區長安街２６０號１樓,(02)82815329
5931143024,集賢藥局,新北市蘆洲區信義路２２２巷６１號１、２樓,(02)22882400
5931143033,微笑杏鄰藥局,新北市蘆洲區中正路１５號１樓,(02)22835713
5931143051,萊康中華健保藥局,新北市蘆洲區中華街４５－１號１樓,(02)28486787
5931143088,躍獅蘆洲藥局,新北市蘆洲區長安街３２９號１樓,(02)82824906
5931143104,新信義藥局,新北市蘆洲區信義路２６０號１樓,(02)22885256
5931143113,喜得健藥局,新北市蘆洲區中興街５４號１樓,(02)22886419
5931143122,宥安藥局,新北市蘆洲區長榮路３８１號２樓,(02)22823556
5931143131,杏一蘆洲長安藥局,新北市蘆洲區長安街１２２號１樓,(02)82854278
5931143140,大樹蘆洲藥局,新北市蘆洲區民族路２６５號１樓,(02)22810747
5931143186,柏康藥局,新北市蘆洲區長安街３０號１樓,(02)22812081
5931143195,吉安藥局,新北市蘆洲區長安街２８５巷１號１樓,82815600
5931151599,闔安藥局,新北市五股區成德里成泰路３段５７９號１樓,(02)22921143
5931151688,五股藥局,新北市五股區成泰路１段２３５之２號（１樓）,(02)22951150
5931161513,苗園健保特約藥局,新北市泰山區仁愛路９２號１樓,(02)22970736
5931161540,得安藥師藥局,新北市泰山區仁愛路１２８號１樓,(02)29000992
5931161577,立赫輔大藥局,新北市泰山區貴子路６５號１樓,(02)29060306
5931171644,蛋寶寶藥局,新北市林口區民有街１５８號１樓,(02)26097371
5931171706,榮新藥局,新北市林口區忠孝路３８３號１樓,(02)26089789
5931171715,林口藥局,新北市林口區文化三路２段６９號１樓,(02)26001899
5931171724,林康藥局,新北市林口區文化二路１段２２２號１樓,(02)26088869
5931171733,長欣藥局,新北市林口區中山路１８８號１樓之３,(02)26013171
5931171742,唯恩藥局,新北市林口區麗園一街９巷１號１樓之２,(02)26005805
5931171751,杏一林口仁愛藥局,新北市林口區仁愛路２段９１號１樓,(02)26016453
5931171779,全球忠孝藥局,新北市林口區忠孝路４９７號１樓,(02)26092139
5931171788,泰臨中西藥局,新北市林口區忠孝１路５號（１樓）,(02)26087538
5931181248,福康藥粧藥局,新北市深坑區北深路３段１７５號（１樓）,(02)26646529
5931231289,天康八里藥局,新北市八里區中山路２段３６７號（１樓）,(02)26101569
5931231305,威爾斯藥局,新北市八里區中山路一段３７２號（１樓）,26107100
5932013034,永明藥師藥局,桃園市桃園區永安路２６４號,(03)3343606
5932013392,桃園中正藥局,桃園市桃園區中正路３７３號,(03)3381600
5932013445,乙川藥局,桃園市桃園區中正路５７６號,(03)3368758
5932013605,新華興藥局,桃園市桃園區中正路６６５號,(03)3267777
5932013614,桃元松藥局,桃園市桃園區建華三街４２號,(03)3611066
5932013650,金安藥局,桃園市桃園區南華街１４８號,(03)3398088
5932013687,桃園春日藥局,桃園市桃園區春日路８７８號,(03)3580101
5932013712,星欣藥局,桃園市桃園區國鼎一街１７號１樓,(03)3700552
5932013721,桃園民光藥局,桃園市桃園區中正路５６９號,(03)3364888
5932013749,桃園寶山藥局,桃園市桃園區寶山街７２號,(03)3250562
5932013801,桃園中山藥局,桃園市桃園區中山路７０７號,(03)2207168
5932013856,大滝藥局,桃園市桃園區龍壽街７４－２號,(03)3607258
5932013865,全球龍安藥局,桃園市桃園區龍安街１１１號,(03)3609639
5932013883,桃園大有藥局,桃園市桃園區大有路５５６號,(03)3460793
5932013909,莊敬長青藥師藥局,桃園市桃園區莊敬路一段３２３號１樓,(03)3587676
5932013918,益壽藥局,桃園市桃園區中山路８２８、８３０、８３２、８３４、８３６號,(03)3693100
5932013954,桃鶯藥局,桃園市桃園區桃鶯路１０２號,(03)3675100
5932013963,康橋藥局,桃園市桃園區國際路１０２９號,(03)2173588
5932013972,合祥藥局,桃園市桃園區國際路二段８號１樓,(03)3703010
5932013981,安慶藥局,桃園市桃園區安慶街９１號,(03)3027267
5932014004,同德辰安藥局,桃園市桃園區同德十街２５號,3012028
5932014013,力行藥局,桃園市桃園區力行路９８號,(03)3391368
5932014031,大廟藥局,桃園市桃園區中山路１５８號１樓,3337006
5932014040,奇美大藥局,桃園市桃園區中正五街１８５號,3587727
5932014059,桃園南平藥局,桃園市桃園區南平路３０２－１號１樓,(03)3165222
5932014077,新資生民安大藥局,桃園市桃園區民安路９８號１樓,(03)3310098
593201A604,啄木鳥藥局,桃園市桃園區南平路４１１號,(03)3467698
5932022659,安利藥局,桃園市中壢區龍東路５０４號,(03)4562824
5932022980,美佑康活力藥局,桃園市中壢區五福里中正路６２７號,(03)2810018
5932023021,辰鴻藥局,桃園市中壢區環中東路１１０號,(03)4638639
5932023192,聖康藥局,桃園市中壢區洽溪里永平街６３號１樓,(03)2871491
5932023218,中壢環東藥局,桃園市中壢區中山東路二段１９３號,(03)4562345
5932023254,博鈞藥局,桃園市中壢區元化路２２６號２樓,(03)4256093
5932023307,晟康健保藥局,桃園市中壢區永光里環北路４號１樓桃園市中壢區民權路二段３４號,(03)4950218
5932023334,欣安藥局,桃園市中壢區龍岡路三段１７６號,(03)4285880
5932023370,中力藥局,桃園市中壢區復興路５４號,(03)4273119
5932023432,敏康藥局,桃園市中壢區福德路３４號之１樓,(03)4611961
5932023450,環中藥局,桃園市中壢區環中東路１８１號,(03)4618873
5932023512,大順藥局,桃園市中壢區興仁路三段５６號,(03)4654675
5932023521,少同藥局,桃園市中壢區中正路四段５９０號,(03)4989082
5932023558,德春藥局,桃園市中壢區中山路４４５號,(03)4933495
5932023567,內壢成章藥局,桃園市中壢區忠孝路１９８號,(03)4524123
5932023576,天晟社區藥局,桃園市中壢區新街里延平路１５１號１樓,(03)4629292
5932023594,新資生信義大藥局,桃園市中壢區信義路１４７號,(03)4636831
5932023601,大賀藥局,桃園市中壢區龍東路３９９號１樓,(03)4375977
5932023647,樂謙藥師藥局,桃園市中壢區龍東路１３４號,(03)4662775
5932023656,思琁藥師藥局,桃園市中壢區中北路二段４３０號,(03)4162189
5932023665,生源藥局,桃園市中壢區中光路７１號,(03)4221606
5932023674,福安藥局,桃園市中壢區元化路２３２號,(03)4266000
5932023683,祥合藥局,桃園市中壢區中北路二段４３１號,(03)2841880
5932023692,幸一藥局,桃園市中壢區民族路４６號,(03)4013150
5932023718,鈞育藥局,桃園市中壢區吉林路１２７號,(03)4622031
5932023727,大崙大藥局,桃園市中壢區內厝里中正路４段１１３號,(03)4983597
5932023763,永崴大藥局,桃園市中壢區莊敬路７８３、７８５號,(03)4513537
5932023772,佑全中壢中正藥局,桃園市中壢區中正路１０８號１、２樓,(03)2807899
5932023781,政昇藥局,桃園市中壢區青峰路一段４３號９樓,(03)2873953
5932023807,東興藥局,桃園市中壢區中北路２段３９號,(03)4282611
5932023825,內壢丁丁藥局,桃園市中壢區環中東路３２５號１樓,4535351
5932023834,佑全中壢中山藥局,桃園市中壢區中山東路二段２７號１樓,(03)4385373
5932023843,晴一藥局,桃園市中壢區民族路五段２５８號１樓,(03)4909427
5932023861,健新藥局,桃園市中壢區忠孝路８０號２樓,(03)4555750
5932028311,千福藥局,桃園市中壢區高鐵站前西路二段８７號,(03)4533789
5932028348,田倉藥局,桃園市中壢區龍東路二五八號,(03)4379331
5932042213,京元藥局,桃園市楊梅區中興路３０號,(03)4829624
5932043185,楊梅丁丁藥局,桃園市楊梅區中山北路二段２２７號,(03)4815486
5932043274,躍獅天明藥局,桃園市楊梅區大成路１７７號,(03)2888295
5932043309,資生楊梅大藥局,桃園市楊梅區楊新路１００號,(03)4636831
5932043327,全球埔心大藥局,桃園市楊梅區永美路３９５號,(03)4824839
5932043336,楊梅藥局,桃園市楊梅區大成路１４８、１５０號,(03)4880776
5932043345,家安藥局,桃園市楊梅區中興路１３２號,(03)4811626
5932043354,佳品藥局,桃園市楊梅區大成路１０４號１樓,(03)4752927
5932052406,上安藥局,桃園市蘆竹區中正路３５７之１號,(03)3219118
5932052915,敏新藥局,桃園市蘆竹區海山路１４號,(03)3248202
5932052933,天康南崁藥局,桃園市蘆竹區南崁路２４５號,(03)2122569
5932052951,永青健康人生藥局,桃園市蘆竹區奉化路１４２號１樓,(03)3528361
5932052979,南崁藥局,桃園市蘆竹區中正路２５１、２５３、２５５號,(03)3522022
5932053001,安祐大藥局,桃園市蘆竹區忠孝西路１９２號,(03)2229195
5932053010,辰安藥局,桃園市蘆竹區上興路２１６號１樓,(03)3136631
5932053029,健力藥局,桃園市蘆竹區奉化路１３６號,(03)2221918
5932053038,南崁丁丁藥局,桃園市蘆竹區南崁路一段５０號,(03)3115646
5932053047,桃園大竹藥局,桃園市蘆竹區大竹路３６５號,(03)3235959
5932060177,勝峰藥師藥局,桃園市大園區菓林里３鄰菓林路５１號１樓,(03)3835588
5932062402,德馨藥局,桃園市大園區中華路７２號,(03)3853586
5932062439,青埔長青藥師藥局,桃園市大園區新生路四段２５１號,(03)3815097
5932062457,新資生大園大藥局,桃園市大園區新生路９５、９７號一樓,(03)4636831
5932077118,文青藥局,桃園市龜山區文青路２０２號,(03)3270581
5932077154,博爾康生活藥局,桃園市龜山區大同路２５０號１樓,(03)3506588
5932077163,新資生龜山大藥局,桃園市龜山區大同里自強東路１號,(03)3290429
5932077172,佑全藥局,桃園市龜山區幸福三街３１號,(03)3193036
5932077261,南崁南祥藥局,桃園市龜山區南祥路４６號,(03)2227733
5932077270,明昌藥局,桃園市龜山區中興里萬壽路二段１１９１－６號,(03)3501205
5932077298,家和藥局,桃園市龜山區建國東路９７號,(03)3196416
5932077305,全興藥局,桃園市龜山區光峰路１５３號１樓,(03)3597901
5932077341,德亞藥局,桃園市龜山區大同路１號,(03)3198342
5932077350,日心藥局,桃園市龜山區文化一路１０巷４１弄１號１樓,(03)3270557
5932077369,安博氏藥師藥局,桃園市龜山區文青路１８５號１樓,(03)3283185
5932077378,佑昌藥局,桃園市龜山區民生北路一段５３４號,(03)3120760
5932077403,穩好保健藥局,桃園市龜山區中興路１３７號,(03)3500088
5932077430,長庚藥局,桃園市龜山區文化三路８１巷１號,(03)3181679
5932077449,新資生文青大藥局,桃園市龜山區文青路２０９號,(03)4636831
5932077458,康旭藥局,桃園市龜山區復興一路２１２巷１７號２樓,(03)3288287
5932077476,安寶親子藥局,桃園市龜山區文化二路５１號,(03)3281688
5932077501,躍獅藥聯藥局,桃園市龜山區萬壽路２段９９３號,(03)3591976
5932077510,左外野藥局,桃園市龜山區文光街６號１樓,(03)3271503
5932077529,泰麟大藥局,桃園市龜山區陸光路９６號,2133728
5932077538,維康藥局,桃園市龜山區復興一路８８號１樓,(03)3283880
5932083509,上方藥局,桃園市八德區廣褔路一八八號,(03)3635902
5932084542,介壽啄木鳥藥局,桃園市八德區介壽路二段１０６８號,(03)3656375
5932084560,慈幼藥局,桃園市八德區忠勇六街７號,(03)3749915
5932084579,奇異果藥局,桃園市八德區富城街１１２號,(03)3691764
5932084613,健民大藥局,桃園市八德區介壽路２段２８２號,(03)3666639
5932084622,成大藥局,桃園市八德區廣福路１４１號,(03)3661575
5932084640,嘉家藥局,桃園市八德區介壽路一段７８２號,(03)3749192
5932084659,鶯康藥局,桃園市八德區桃鶯路９５號,(03)3613624
5932084668,奕成健保大藥局,桃園市八德區興豐路６７３號１樓,(03)3732113
5932084677,杏一八德介壽藥局,桃園市八德區介壽路一段７７１號１樓,(03)3665542
5932084686,宏昌藥局,桃園市八德區介壽路一段８９０號,(03)3639797
5932084695,康馥藥局,桃園市八德區金和路５３號１樓,(03)3749620
5932084702,禎佑示範藥局,桃園市八德區大智路７號,(03)3757241
5932099847,龍青藥局,桃園市龍潭區龍青路７２號,(03)4890211
5932099856,佳欣社區藥局,桃園市龍潭區中正路２６２號１樓,(03)4808717
5932099874,龍潭北龍藥局,桃園市龍潭區北龍路２７５號,(03)4893123
5932099883,美和健保藥局,桃園市龍潭區中興路２０７號,(03)4790639
5932099892,百年聯和藥局,桃園市龍潭區中豐路３００號,(03)4895268
5932100685,閤家康聯合藥局,桃園市平鎮區中豐路山頂段２５６號,(03)4194550
5932100925,譽達藥局,桃園市平鎮區育達路２４０號１樓,(03)4922990
5932100952,家樂藥局,桃園市平鎮區中豐路山頂段２７號１樓,(03)4191137
5932100989,南勢長青藥師藥局,桃園市平鎮區中豐路南勢二段５３１號,(03)4030060
5932101002,南勢藥局,桃園市平鎮區中豐路南勢二段１０８號,(03)4395663
5932101011,天晴藥局,桃園市平鎮區和平路１２５號３樓,(03)4596503
5932101039,平鎮中豐藥局,桃園市平鎮區中豐路山頂段１６４號,(03)4690939
5932101066,日安藥局,桃園市平鎮區復興街１０８號,(03)4916178
5932101084,佳仁藥局,桃園市平鎮區平東路２４３號,(03)4609335
5932101137,平鎮延平藥局,桃園市平鎮區延平路二段４３０巷７９—１６號,(03)4918187
5932108574,天健示範藥局,桃園市平鎮區文化街２５２號,(03)4937169
5932124372,福星藥局,桃園市觀音區大觀路二段２１３號１樓,(03)4389138
5932124381,日昇藥局,桃園市觀音區成功路一段７８１號,(03)4834212
5933021254,梁藥局,新竹縣新埔鎮中正路２３３號,(03)5885439
5933031750,仁愛藥局,新竹縣竹東鎮商華街３３號,(03)5953458
5933031796,春天藥局,新竹縣竹東鎮長春路二段９５號,(03)5967995
5933031821,新月藥局,新竹縣竹東鎮永康街８１號１樓,(03)5960501
5933052393,立康藥局,新竹縣竹北市華興街２２０號,(03)5527730
5933053050,祐祐藥局,新竹縣竹北市中正西路１０３號,(03)5552969
5933053158,竹北啄木鳥藥局,新竹縣竹北市博愛街１８３號,(03)5539420
5933053167,育禾藥局,新竹縣竹北市莊敬南路１８６號,(03)6683255
5933053176,金竹藥局,新竹縣竹北市勝利六街６８號,(03)6683215
5933053194,仁信藥局,新竹縣竹北市嘉豐南路二段５１號,(03)6676218
5933053229,合康連鎖藥局竹北二店,新竹縣竹北市福興東路一段３７３號,(03)6583777
5933053238,源川藥局,新竹縣竹北市文興路二段９號,(03)6576165
5933053247,竹北光明藥局,新竹縣竹北市光明一路１３７號,(03)5584545
5933053256,中華藥局,新竹縣竹北市中華路２２６號１、２樓,(03)5513031
5933053274,佑東藥師藥局,新竹縣竹北市縣政三街２７號,(03)5588092
5933053283,艾美藥局,新竹縣竹北市中正西路８２號１樓,(03)5557760
5933061589,安健藥局,新竹縣湖口鄉中正路１段２１０號,(03)5906685
5933061650,勝利大藥局,新竹縣湖口鄉勝利村漢陽路１號,(03)5987520
5933061678,仁和藥局,新竹縣湖口鄉仁和路１８２號,(03)5978541
5933061703,合康藥局湖口,新竹縣湖口鄉民族街１２６號,(03)6992365
5933061712,湖山藥局,新竹縣湖口鄉中山路二段１２７號,(03)5904999
5933081474,立人藥局,新竹縣新豐鄉建興路一段５７號,(03)5578217
5933081536,昌昌藥局,新竹縣新豐鄉新市路１９３號,(03)5598077
5933111119,埔元藥局,新竹縣北埔鄉中山路１１４號,(03)5802568
5934012240,東成藥局,宜蘭縣宜蘭市東港路２段３０６號１樓,(03)9380353
5934012286,健康藥局,宜蘭縣宜蘭市光復路１４９號１樓、２樓,(03)9315088
5934012320,緣心健保藥局,宜蘭縣宜蘭市同興街１０１號,(03)9366326
5934012339,禮仁藥局,宜蘭縣宜蘭市中山路５段３１號,(03)9288884
5934012348,聖心藥局,宜蘭縣宜蘭市復興路３１號,(03)9357099
5934012357,品康藥局,宜蘭縣宜蘭市中山路２段３１０號,(03)9359320
5934012366,熊賀大藥局,宜蘭縣宜蘭市女中路３段２６號,(03)9352950
5934012375,宜蘭啄木鳥藥局,宜蘭縣宜蘭市新生里中山路５段１７６號,(03)9289387
5934012393,綠洲藥局,宜蘭縣宜蘭市中山路２段１１３號１樓,9311800
5934012419,熊貓健保藥局,宜蘭縣宜蘭市中山路３段１６９號１樓,(03)9331335
5934021856,正欣藥局,宜蘭縣羅東鎮興東南路２２８巷８號,(03)9556786
5934021990,成功藥局,宜蘭縣羅東鎮興東南路２３５號,(03)9577550
5934022013,康莊藥局,宜蘭縣羅東鎮康樂巷１號,(03)9553168
5934022022,光澤醫美藥局,宜蘭縣羅東鎮興東路９９之１號,(03)9566961
5934022031,大菖藥局,宜蘭縣羅東鎮公正路８８號１樓,(03)9559898
5934022040,羅東藥局,宜蘭縣羅東鎮興東路２２８號１樓,(03)9574436
5934022059,宏安藥局,宜蘭縣羅東鎮賢文里純精路２段２２５巷１０號１樓,(03)9518696
5934022086,宏海藥局,宜蘭縣羅東鎮中正路６９號１樓,9565196
5934022095,羅東啄木鳥藥局,宜蘭縣羅東鎮中山路２段３０３號,(03)9604670
5934031245,熊本健保藥局,宜蘭縣蘇澳鎮大同路６２號,(03)9902758
5934031254,佑全蘇澳中山藥局,宜蘭縣蘇澳鎮蘇西里２０鄰中山路１段２３１號１樓,(03)9961063
5934041205,晴天藥局,宜蘭縣頭城鎮開蘭路１８１號,(03)9789121
5934051247,安信藥局,宜蘭縣礁溪鄉中山路一段２３０號,(03)9874419
5934051265,恩好藥局,宜蘭縣礁溪鄉中山路１段９５號,(03)9889256
5934081174,和康藥局,宜蘭縣冬山鄉義成路３段３５１號１樓,(03)9680650
5934120014,進昌健保藥局,宜蘭縣南澳鄉蘇花路２段３８３號,(03)9981011
5935010017,永佳藥局,苗栗縣苗栗市玉苗里光復路１５６號,(037)331860
5935012324,上林藥局,苗栗縣苗栗市建功里２４鄰府前路９１號,(037)320685
5935012333,苗安藥局,苗栗縣苗栗市恭敬里信義街３１號,(037)356388
5935012342,杏一苗栗中山藥局,苗栗縣苗栗市至公路３８號,(037)354552
5935012351,錦岳大藥局,苗栗縣苗栗市民族路１４０號１樓,(037)353046
5935012360,心惠聯合藥局,苗栗縣苗栗市中山路１８８號１樓,(037)377389
5935012388,苗栗啄木鳥藥局,苗栗縣苗栗市中華路１２０號,(037)274809
5935012397,橙易藥局,苗栗縣苗栗市中正路２９１號１樓,(037)376608
5935021270,全家藥局,苗栗縣苑裡鎮信義路２３之１號１樓,(037)861997
5935021403,安康藥局,苗栗縣苑裡鎮新興路７８號,(037)856591
5935021412,信和大心藥局,苗栗縣苑裡鎮為公路３４－３號,(037)861352
5935021421,苑裡啄木鳥藥局,苗栗縣苑裡鎮世界路一段２５號,(037)854589
5935030171,立安藥局,苗栗縣通霄鎮信義路１０７號,(037)760100
5935041987,杏一竹南中正藥局,苗栗縣竹南鎮中正路２５７號１樓,(037)480602
5935041996,新欣藥局,苗栗縣竹南鎮龍山路一段１６０號１樓,(037)471503
5935042037,康壯藥局,苗栗縣竹南鎮博愛街４３９號,(037)463732
5935042046,永安藥局,苗栗縣竹南鎮照南里立達街３號,(037)469333
5935042055,崧博藥師藥局,苗栗縣竹南鎮龍山路３段３７號,(037)639822
5935050182,民昌藥局,苗栗縣頭份市忠孝里信東路１３０號,"(037)673 232"
5935050262,東仙藥局,苗栗縣頭份市蟠桃里建國路１９９號,(037)667267
5935051858,樂田藥妝藥局,苗栗縣頭份市信東路１３５號,(037)598995
5935051938,吉品藥局,苗栗縣頭份市中正路９號,(037)676898
5935051947,森品藥局,苗栗縣頭份市建國路２段１５０、１５２、１５６號,(037)672378
5935051956,懷恩中西藥局,苗栗縣頭份市建國路１２８號,(037)683981
5935061407,佑安藥局,苗栗縣後龍鎮大庄里中山路１２５號,(037)773066
5935061425,懷信中西藥局,苗栗縣後龍鎮中山路１０３號,(037)724618
5935061434,千江大藥局,苗栗縣後龍鎮忠孝路５９號,(037)037728208
5935061443,後龍藥局,苗栗縣後龍鎮中山路２０９號１，２樓,(037)723660
5935071243,卓蘭千百岳大藥局,苗栗縣卓蘭鎮中山路８２號,(04)25895473
5935081132,康城藥局,苗栗縣大湖鄉民生路６９號,(037)995188
5935091272,杏中藥局,苗栗縣公館鄉館東村５鄰大同路１７４號,(037)232611
5936010020,合裕藥局,臺中縣豐原市三村里合作街９６–１號,(04)5296085
5936020099,益春藥局,臺中市東勢區南平里三民路１３７號,(04)25878730
5936051389,康裕藥局,臺中市沙鹿區中山路２８０號１樓,(04)26633758
5936103002,學府藥局,臺中市大雅區學府路２２５號１樓,(04)25609333
5936160132,大佶安藥局,臺中市大肚區頂街里沙田路二段７３４號,(04)26992453
5936192090,太平東亞藥師藥局,臺中市太平區東平路６２２號,(04)23511899
5936192198,德侑健保藥局,臺中市太平區中山路４段８６之１號,(04)23959617
5936200097,大里啄木鳥藥局,臺中市大里區中興路２段７２號,(04)24865725
593620A855,三德藥局,臺中市大里區瑞城里成功路４１９號,(04)24953856
5937012662,回生藥局,彰化縣彰化市民族路４１０號,7227266
5937012751,福田藥局,彰化縣彰化市光復路２０號,(04)7296058
5937013436,大埔藥局,彰化縣彰化市大埔路４０６、４０８、４１０、４１２號,(04)7117511
5937013445,澄星中西藥局,彰化縣彰化市文化里中民街９１號１樓,(04)7236870
5937013454,安新健保藥局,彰化縣彰化市自強路３６號１樓,(04)7233160
5937013481,美芙藥局,彰化縣彰化市三民路２７０號１樓,(04)7222980
5937013507,原安大藥局,彰化縣彰化市南郭路一段１８０號,(04)7272817
5937013516,丁丁藥局彰化店,彰化縣彰化市曉陽路２１９號,(04)7236140
5937013543,康好藥局三民店,彰化縣彰化市三民路２０１號,(04)7281089
5937013552,芳澤藥局,彰化縣彰化市中山路三段４３４號,(04)7380381
5937013561,友誼藥局彰化店,彰化縣彰化市辭修路１９１－２號,(04)7288865
5937013570,彰化藥局,彰化縣彰化市永安街２７８、２８０號,(04)7287877
5937013589,曜安藥局,彰化縣彰化市民生路１５３號１樓,(04)7280650
5937013598,黎明藥局,彰化縣彰化市彰南路２段２１７號,(04)7320995
5937013605,大佳好藥局,彰化縣彰化市平和七街６號,33520331
5937021821,新永吉藥局,彰化縣鹿港鎮中山路１２７號,(04)7770940
5937021830,康好藥局鹿港店,彰化縣鹿港鎮民權路１３４號,(04)7772877
5937031541,友誼藥局和美店,彰化縣和美鎮和東里仁化路１４７、１４９號,(04)7550866
5937031729,日信藥局,彰化縣和美鎮彰美路５段３１１號,(04)7556952
5937031747,大樹和美藥局,彰化縣和美鎮道周路５０１號,(04)7550090
5937031765,和美啄木鳥藥局,彰化縣和美鎮德美路２７０號,7552924
5937031774,慧佑中西藥局,彰化縣和美鎮仁美路１８８號,(04)7575327
5937041449,維德藥局,彰化縣北斗鎮復興路１８號,(04)8889033
5937041458,沛廣藥局,彰化縣北斗鎮中華路２３０號,(04)8781769
5937041467,北斗啄木鳥藥局,彰化縣北斗鎮復興路２６９號,(04)8875611
5937041476,丁丁藥局北斗店,彰化縣北斗鎮斗苑路二段３０號,(04)8873032
5937050395,裕良大藥局,彰化縣員林市莒光路３號,(04)8360388
5937052317,員郭藥局,彰化縣員林市三民街３８－１號,(04)8356201
5937052335,大樹三民藥局,彰化縣員林市三民東街３５６號,(04)8372837
5937052353,壽春中西藥局,彰化縣員林市成功路５５號,(04)8361667
5937052362,家家藥局,彰化縣員林市惠來街８７號,(04)8367007
5937052380,日信藥局員林店,彰化縣員林市中正路２５５號,(04)8352030
5937052399,裕良藥局大同店,彰化縣員林市大同路二段２０３－１號,(04)8344612
5937052415,大樹員林藥局,彰化縣員林市大同路二段２０７號,(04)8331353
5937052424,員林啄木鳥藥局,彰化縣員林市新生路１２１、１２３號,(04)8339483
5937052433,迪迪連鎖藥局員林店,彰化縣員林市林森路１６３號１樓,(04)8312898
5937052451,統信藥局,彰化縣員林市正興街３７２號,(04)8367089
5937061567,凱侖藥局,彰化縣溪湖鎮西溪里員鹿路２段臨１號,(04)8812278
5937061638,志成藥局,彰化縣溪湖鎮平和里彰水路３段２４３號,(04)8853528
5937061647,溪湖藥局,彰化縣溪湖鎮西環路３６５號,(04)8818617
5937061656,東環藥局,彰化縣溪湖鎮湖東街８１巷７０－３、７０－４、７０－５號,(04)8820001
5937061665,安安藥局,彰化縣溪湖鎮彰水路三段３６３號,(04)8850525
5937061674,溪湖華恩保健藥局,彰化縣溪湖鎮青雅路３９號,(04)8817575
5937071296,大眾藥局,彰化縣田中鎮斗中路一段１４２號,(04)8749723
5937071447,大安藥局,彰化縣田中鎮新福路５７號,(04)8752201
5937071456,萬禾藥局,彰化縣田中鎮員集路３段２７７號,(04)8742242
5937071465,田中藥局,彰化縣田中鎮新生街１５０巷２號,8761988
5937080160,慈生藥局,彰化縣二林鎮萬興里二溪路六段４５２號,(04)8682287
5937081569,二林藥局,彰化縣二林鎮斗苑路５段３９號,(04)8950010
5937121282,福安藥局,彰化縣秀水鄉彰水路２段５２３號,(04)7686981
5937130049,明志藥局,彰化縣花壇鄉三春村彰員路１段５４２號,(04)7867702
5937131288,口庄藥局,彰化縣花壇鄉中山路２段５６２號,(04)7867209
5937151128,五行藥局,彰化縣大村鄉黃厝村１２鄰山腳路２－２６號,(04)8527603
5937161151,侯藥師藥局,彰化縣埔鹽鄉中正路２０６號,(04)8651837
5937181251,金和堂藥局,彰化縣永靖鄉永靖街１０２號,(04)8221759
5937181288,陳厝厝保健藥局,彰化縣永靖鄉永興路２段１１６號,(04)8232387
5937181297,永靖藥局,彰化縣永靖鄉瑚璉路１１６號,(04)8230220
5937191275,社頭榮生藥局,彰化縣社頭鄉清水岩路２５３號,(04)8732172
5937211094,田尾藥局,彰化縣田尾鄉饒平村光復路２段６６９號,(04)8836725
5937211110,禾欣藥局,彰化縣田尾鄉中山路一段５３９號,(04)8830800
5937221232,堃泰中西藥局,彰化縣埤頭鄉斗苑西路２６７號,(04)8928798
5937241065,順順藥局,彰化縣大城鄉東城村東平路６３－１號,(04)8946379
5937251150,竹塘健保藥局,彰化縣竹塘鄉竹塘村文化街５０號,(04)8976180
5937251169,竹塘張藥局,彰化縣竹塘鄉中興街５６號,(04)8972216
5937261227,成記大藥局,彰化縣溪州鄉中山路三段３００號,(04)8891788
5938011810,南投丁丁藥局,南投縣南投市南投里３鄰民族路２５４號,(049)2245977
5938011847,南投啄木鳥藥局,南投縣南投市中興路６１２號,(049)2241683
5938022064,大樹埔里藥局,南投縣埔里鎮中正路４３８號,(049)2980805
5938022117,埔里福倫健保藥局,南投縣埔里鎮中山路二段３６７號,(049)2999118
5938022126,埔里能安藥局,南投縣埔里鎮西安路一段６６號,(049)2986578
5938022135,草新健保藥局,南投縣埔里鎮中山路二段３９０號,(049)2901689
5938022153,誠光藥局,南投縣埔里鎮中正路５９９號,(049)2987721
5938022171,博今藥局,南投縣埔里鎮東潤路２０號,2926689
5938032435,順安藥局,南投縣草屯鎮中正路７６８號,2333228
5938032453,福安藥局,南投縣草屯鎮碧山路９３號,(049)2333349
5938032471,草屯啄木鳥藥局,南投縣草屯鎮中興路２２號,(049)2323560
5938041809,維淇藥師藥局,南投縣竹山鎮集山路三段８１６－１號,(049)2653689
5938041845,博愛藥局,南投縣竹山鎮雲林路３５號,(049)2642748
5938041854,耀聖藥局,南投縣竹山鎮集山路３段８１６－５號,(049)2652267
5938041863,大明藥局,南投縣竹山鎮大明路４８２號,(049)2652500
5938041872,優適藥局,南投縣竹山鎮大明路１４９－５號,(049)2630355
5938041881,明仁藥局,南投縣竹山鎮集山路三段９４８－２號,(049)2659650
5938061285,人德藥局,南投縣名間鄉南雅村員集路１３６號,(049)2739317
5938061301,宏春健康生活藥局,南投縣名間鄉彰南路３９５號１樓,(049)2228041
5938080048,中寮健保藥局,南投縣中寮鄉永安街１３６號,(049)2691940
5938090026,源和藥局,南投縣魚池鄉魚池村魚池街２７８號,(049)2897666
5938101159,山芙蓉藥局,南投縣國姓鄉中興路１４６號,2720351
5939012571,上好藥局,雲林縣斗六市永安路７２號,(05)5331780
5939012580,林博彥藥師藥局,雲林縣斗六市莊敬路６５號,(05)5361258
5939012599,斗六藥局,雲林縣斗六市雲林路二段１１３號,(05)5372300
5939012606,永兆藥局,雲林縣斗六市北平路１６６號,(05)5378257
5939012615,佑全斗六慶生藥局,雲林縣斗六市慶生路２６號,(05)5372736
5939032484,聖霖藥局,雲林縣虎尾鎮公安路１７８－１９號,(05)6329334
5939032528,慶安藥局,雲林縣虎尾鎮公安路１１５－１號,(05)6328029
5939032546,惠眾藥局,雲林縣虎尾鎮林森路二段１６９號,(05)6363350
5939032555,福瑞藥局,雲林縣虎尾鎮仁愛路９０號,(05)6365190
5939032564,林森瑞安藥局,雲林縣虎尾鎮林森路二段８９號,(05)6328034
5939032573,林森啄木鳥藥局,雲林縣虎尾鎮明正東路８號,(05)6320417
5939032608,兒侒藥局,雲林縣虎尾鎮弘道路５１號,(05)6311246
5939032617,永德健保藥局,雲林縣虎尾鎮德興路８３號,(05)6322802
5939032626,林藥師藥局,雲林縣虎尾鎮中正路２０７號,(05)6334135
5939041778,瑞大藥局,雲林縣西螺鎮平和路７７－１號,(05)5873287
5939041812,林森育安藥局,雲林縣西螺鎮中正路１６０號,(05)5879951
5939041830,第一藥局,雲林縣西螺鎮中山路２１７、２１７－１號１樓,(05)5875323
5939041849,西螺藥局,雲林縣西螺鎮光復西路１２３、１２５號,(05)5872112
5939041894,可安藥局,雲林縣西螺鎮吳厝里吳厝２７－１１號,(05)5880971
5939051238,天愛藥局,雲林縣土庫鎮中山路８０號,(05)6629923
5939051247,祐安藥局,雲林縣土庫鎮馬光路３９－１號,(05)6655938
5939061494,聯勝藥局,雲林縣北港鎮文昌路１０６號,(05)7833220
5939061850,北港家源藥局,雲林縣北港鎮大同路３０３號,(05)7832104
5939061887,大樹北港藥局,雲林縣北港鎮華勝路９９號,(05)7830783
5939061903,大同瑞安藥局,雲林縣北港鎮大同路２１５號,(05)7831720
5939061921,北港啄木鳥藥局,雲林縣北港鎮華勝路２５０號,(05)7822795
5939061930,德豐藥局,雲林縣北港鎮公園路１２號,(05)7835338
5939071310,禾安藥局,雲林縣古坑鄉中正路９６號,(05)5828318
5939121253,崙背台丞藥局,雲林縣崙背鄉建國路５６號,(05)6966789
5939131151,三芳藥局,雲林縣麥寮鄉橋頭村仁德路１７６號,(05)6911053
5939131473,立昇藥局,雲林縣麥寮鄉華興路９１號,(05)6933066
5939171128,順元藥局,雲林縣元長鄉中山路２５號,(05)7886555
5939181366,好美麗藥局,雲林縣四湖鄉中正路７３－３０號,(05)7874609
5939201318,玉璽藥局,雲林縣水林鄉水南村水林路１１５號,(05)7856019
5939201336,全仁藥局,雲林縣水林鄉水林路１３０號,(05)7852721
5939201345,金花藥局,雲林縣水林鄉水北村水林路２２２號,7856112
5940011777,朴子啄木鳥藥局,嘉義縣朴子市永和里應菜埔２９－３號,(05)3208028
5940011820,華信藥局,嘉義縣朴子市朴子市平和里市東路２８號,(05)3705889
5940011839,信男藥局,嘉義縣朴子市開元里開元路１７４號,(05)3790099
5940031386,大樹大林藥局,嘉義縣大林鎮祥和路１９２號,(05)2641800
5940041720,民雄久久藥局,嘉義縣民雄鄉西安村安和路２號之１,(05)2263294
5940041739,民雄藥局,嘉義縣民雄鄉東榮村００５鄰建國路一段１１７號,2264566
5940041748,大祐藥局,嘉義縣民雄鄉西安村西安路２１－１號１樓,(05)2067077
5940111530,保祥藥局,嘉義縣太保市安仁里祥和三路東段７５號,(05)3622100
5940111549,嘉康中西藥局,嘉義縣太保市南新里中山路一段２９５之２號,(05)2376200
5940141289,好鄰居藥局,嘉義縣竹崎鄉灣橋村灣橋３４１號,(05)2793899
5940141298,德勝藥局,嘉義縣竹崎鄉中山路１８４號,(05)2611016
5940141305,東義藥局,嘉義縣竹崎鄉獅埜村東義２０－１８號,(05)2110957
5940141314,竹崎啄木鳥藥師藥局,嘉義縣竹崎鄉竹崎村中華路９２號,(05)2617786
5941010096,新崇安藥局新營店,臺南市新營區延平里復興路９１號,6333302
5942011819,鳳山丁丁藥局,高雄市鳳山區協和里自由路１５１號１樓,(07)7101080
5942021664,丁丁藥局,高雄市岡山區仁壽里中華路１號,(07)6256157
5942021726,天德藥局,高雄市岡山區碧紅里中山北路３９號,(07)6230111
5942040114,吉安藥局,高雄市美濃區中正路二段７３２號,(07)6831711
5942060385,義和藥局,高雄市大寮區義和里義和路１６１號,(07)6527206
5942190128,柏青藥師藥局,高雄市彌陀區中正路彌靖里中正路１９７號,(07)6107542
5943011055,振東中西藥局,屏東縣屏東市崇蘭里１００之６號,(08)7656522
5943012892,立健藥局,屏東縣屏東市勝利里廣東路９６２號,(08)7328039
5943013639,屏東啄木鳥藥局,屏東縣屏東市民生路７９－２４號,(08)7210684
5943013951,大林藥師藥局,屏東縣屏東市平和里仁愛路５９號１樓,(08)7320680
5943014001,康乃爾藥局,屏東縣屏東市大豐路９－１號,(08)7550506
5943014038,冠綸藥局,屏東縣屏東市華正路２５５號１樓,(08)7365488
5943014074,大林崇蘭藥局,屏東縣屏東市大同北路９８號,(08)7323738
5943014092,屏東藥局,屏東縣屏東市自由路６３１號,(08)7323331
5943014109,維康藥局,屏東縣屏東市中華路６１－１號,(08)7346888
5943014118,信康加藥局,屏東縣屏東市建豐路２０８號,(08)7382158
5943014127,惠生藥局,屏東縣屏東市歸仁路６３－１３號,(08)7223889
5943014145,廣東藥局,屏東縣屏東市廣東路６８２－２．６８４號,(08)7362210
5943014154,丁丁藥局民族店,屏東縣屏東市民族路２７１號,(08)8100388
5943014172,和平藥局,屏東縣屏東市和平路３５號,(08)7556696
5943014181,廣東台安藥局,屏東縣屏東市廣東路６２３號,7363988
5943014190,小熊健康藥局,屏東縣屏東市中山路１３２號１樓,(08)7320134
5943021506,潮州啄木鳥藥局,屏東縣潮州鎮介壽路７６號,(08)7890466
5943021695,立康藥局,屏東縣潮州鎮介壽路７７號１樓,(08)7800995
5943021720,潮州藥局,屏東縣潮州鎮介壽路１－１號,(08)7894000
5943021766,欣正宗藥局,屏東縣潮州鎮新生路３６號,(08)7892250
5943031735,愛樂活藥局,屏東縣東港鎮長春一路１１３－１號,(08)8312388
5943031744,建和藥局,屏東縣東港鎮東隆里東隆街４２－１號,(08)8339637
5943031762,冠德藥局,屏東縣東港鎮朝隆路８６號１樓,(08)8351179
5943031771,東港藥局,屏東縣東港鎮中正路２５７˙２５７－１號,(08)8325133
5943031780,東港丁丁藥局,屏東縣東港鎮長春一路９７號,(08)8336068
5943031806,旭安藥局,屏東縣東港鎮光復路一段１８０號１樓,(08)8310552
5943031824,欣大眾藥局,屏東縣東港鎮中正路一段９２號,(08)8351177
5943041320,南門大藥局,屏東縣恆春鎮中正路８４號,(08)8894335
5943041348,恆春啄木鳥藥局,屏東縣恆春鎮恒南路２８號,(08)8883990
5943051399,杏林婦嬰藥局,屏東縣萬丹鄉萬安村萬丹路一段１５５號１樓,(08)7777791
5943051406,萬壽健保藥局,屏東縣萬丹鄉萬壽路二段２７５號,(08)7760422
5943061144,繁華藥局,屏東縣長治鄉繁華路２６９號,(08)7626055
5943081164,九如藥局,屏東縣九如鄉九如路二段２３０號,(08)7397777
5943110053,葉藥局,屏東縣高樹鄉高樹村南興路４９－７及４９－８號,(08)7967883
5943131481,禾韻藥局,屏東縣內埔鄉龍泉村東川路３５號,(08)7700378
5943131516,新榮安藥局,屏東縣內埔鄉勝光路７１號１樓,(08)7799086
5943131534,內埔啄木鳥藥局,屏東縣內埔鄉光明路４７１號,(08)7787078
5943131543,豐田藥局,屏東縣內埔鄉振豐村新東路３６５號,7782858
5943131552,富田藥局,屏東縣內埔鄉永光路２１號,7785166
5943140015,新健安藥局,屏東縣竹田鄉竹田村自強路６６－３號,(08)7710789
5943181089,佳恩藥局,屏東縣崁頂鄉興農路４８號,(08)8635908
5943201095,南州健人藥師藥局,屏東縣南州鄉三民路１４９號,(08)8646828
5944011433,東文藥局,澎湖縣馬公市東文里文山路６６號,(06)9221433
5945013048,幸福花蓮藥局,花蓮縣花蓮市中正路１７９號,(03)8361412
5945013057,富強健康藥局,花蓮縣花蓮市國裕里２２鄰富強路１２８號,(03)8571839
5945013066,藍天藥局,花蓮縣花蓮市林森路４２１號,(03)8328152
5945013100,華安藥局,花蓮縣花蓮市中美路７７－１號,(03)8222013
5945013119,北國泰藥局,花蓮縣花蓮市府前路５７８號,(03)8236256
5945013128,佑全花蓮中山藥局,花蓮縣花蓮市中山路３２６號１、２樓,(03)8360199
5945013137,柏陞藥局,花蓮縣花蓮市和平路４９８號,(03)8315339
5945013155,遠東藥局,花蓮縣花蓮市國聯三路２８號１樓,(03)8350019
5945013173,惠好藥局,花蓮縣花蓮市國聯四路７７號,8338911
5945013182,佳成藥局,花蓮縣花蓮市中美路６３－２號１樓,8336171
5945021086,安康鳳林藥局,花蓮縣鳳林鎮仁愛街１０號１樓,(03)8762227
5945031297,莊藥局,花蓮縣玉里鎮中城里２７鄰成功街９５號,(03)8882328
5945041051,麗康藥局,花蓮縣新城鄉北埔路１２７號,(03)8262836
5945041079,佳安藥局,花蓮縣新城鄉北埔村北埔路５０號,(03)8261608
5945051664,吉安丁丁藥局,花蓮縣吉安鄉中華路二段１１號,(03)8536772
5945051673,上善藥局,花蓮縣吉安鄉吉安路二段３９號,(03)8535618
5945051682,享寧藥局,花蓮縣吉安鄉中正路一段２號１樓,(03)8526532
5945051726,安康藥局,花蓮縣吉安鄉中山路３段３８４號,(03)8513951
5945061197,禾豐藥局,花蓮縣壽豐鄉豐山村中山路２３７號,(03)8652068
5945061204,益昌藥局,花蓮縣壽豐鄉壽豐村中山路５段１１３號,(03)8653718
5945091113,瑞安藥局,花蓮縣瑞穗鄉中山路１段６號,(03)8876616
5946012198,豐田藥局,臺東縣臺東市中興路四段４９５之１號１樓,(089)384057
5946012205,欣華藥局,臺東縣臺東市更生路７３號,(089)320676
5946012214,采宏健康藥局,臺東縣臺東市民生里更生路１２６號,(089)330192
5946012223,東台藥局,臺東縣臺東市中山路２２６號,(089)355566
5946012232,大正藥局,臺東縣臺東市中興路２段４３４號,(089)239775
5946012241,精湛藥局,臺東縣臺東市中正路３４４號,(089)356119
5946012312,仁愛藥局,臺東縣臺東市光明路４０號,(089)350360
5946020056,順華藥局,臺東縣成功鎮中華路１３６號１樓、２樓(１４舖),(089)851273
5990010668,百泰藥局,金門縣金城鎮西海路１段１號,(082)312832
5990030062,大山藥局,金門縣金湖鎮新市里中正路２號、２－２號,(082)333290
