Timestamp,醫事機構代碼,備註文字,藥局網址
2/6/2020 14:17:47,5902080545,"早上9:00成人70份 小孩20份
晚上8:00成人30份 小孩5份",https://reurl.cc/EK38NR
2/6/2020 15:01:59,5932013169,口罩販售時間10:00-12:00、1500-1700每日依政府提供數量售完為止,
2/6/2020 15:53:03,5907310306,可購買時間：星期一09:00-21:00，星期二至五09:00-12:00，18:00-21:00，星期六09:00-12:00,https://www.facebook.com/DHS166/
2/6/2020 16:27:02,5901102971,全年無休，早上9:00到晚上10:30，口罩販售時間為早上10:00到12:00,
2/6/2020 19:07:57,5907330139,"每日販售時間【晚上19：30】
全台大樹藥局皆可購買！",
2/7/2020 11:20:58,5932031578,2/8（六）開始，當日號碼牌發放及口罩領取時間改為：晚間19:00-21:00，請先排隊領取號碼牌再至櫃檯購買，謝謝。,
2/7/2020 15:08:28,5938061249,"每日下午2點，開始領取口罩號碼牌。
六日不休息。",
2/7/2020 16:52:34,5942020023,已無口罩,
2/7/2020 18:21:48,5935041745,我們口罩販賣採先發號碼牌，留下健保卡，再於公告時間後來拿口罩，地圖上口罩存量目前只有歸零可以信任，發號碼牌時間，會至少前一天，在瑞士藥局粉絲團公告。,https://m.facebook.com/druglinplus/?locale2=zh_TW
2/7/2020 19:06:08,5943010996,早上09:15開始，大約30分鐘發完；麻煩大家，停車別造成鄰居困擾。,
2/7/2020 19:49:28,5901202789,"2/10開始口罩發放時間改成13：30開始發完為止。
星期六因人力不足改至星期二發放。",
2/7/2020 20:08:11,5932028133,每日口罩發放時間、兒童口罩剩餘待領份數都會公布在臉書,https://www.facebook.com/chongpeicp/
2/7/2020 20:43:40,5917083021,每日中午12：30開賣防疫口罩,
2/7/2020 22:01:32,5902050903,"藥局 周一到六 早上九點開店
確認連線無誤 就開始發號碼牌然後馬上領口罩！
但這兩天的網路上的口罩數量一直有異常顯示，已請示上級長官了！資訊人員無法馬上處理造成大家的誤解，真是抱歉！
ps.這兩天發放結果非常熱烈大概都在開店到的一個多小時左右，就會發完了！
",
2/8/2020 0:15:23,5907350499,下午2點發放號碼牌,
2/8/2020 10:44:00,5935030153,11點現場排隊開賣,https://www.facebook.com/wei750000/
2/8/2020 10:45:58,5935030091,晚上8點現場排隊開賣,
2/8/2020 10:52:13,5931112789,14:00收健保卡錢發號碼牌16:00領取,
2/8/2020 11:23:57,5901184106,每日14：30開賣,
2/8/2020 11:55:55,5921041924,"02/09週日”下午兩點”特別加開防疫口罩購買
02/10週一”下午13:30""才開始販賣防疫口罩",
2/8/2020 11:58:17,5901022521,"平日上午8:30發放號碼牌，一張號碼牌即一人份購買資格，成人口罩共100號，兒童口罩共25號，發完為止。
須符合健保局公告資格始得刷健保卡購買。號碼牌限當日購買時間內有效，逾期等同放棄資格。將釋出餘量於隔日販售時間販售。p.s晚上6:00-9:10不提供口罩販售服務，請見諒。
販售時間：領到號碼牌後請於上午12:00前，或下午3:00-6:00前，憑當日號碼牌與符合資格之健保卡購買。
請自備10元，恕不找零。",
2/8/2020 12:17:27,5933052606,健保口罩時間為:禮拜一到六，每天下午一點發號碼牌，如果還沒到下午一點，但現場排隊人數已經超過一百人，就會提前發號碼牌。 ,
2/8/2020 12:41:01,5933052393,政府配發口罩販售時間為每日下午2點至4點,
2/8/2020 12:41:50,5907300319,下午2:30開始購買防疫口罩,
2/8/2020 13:38:32,5943090029,請先來電洽詢現場實際數量,
2/8/2020 13:41:05,5931044240,"早上8:30發放號碼牌,保留購買權利至當日20:00",
2/8/2020 13:48:31,5938011829,下午1點45分發號碼牌  下午2點開始販售口罩  ,
2/8/2020 14:01:51,5931070142,週一~週六 10:00發放號碼牌留健保卡 12:00~14:00、16:00~22:00領取,
2/8/2020 14:10:34,5901192448,每日早上九點開始販售防疫口罩  周日彈性開店   2/9有營業,
2/8/2020 14:21:46,2342130010,02/07以及02/08早上0800至下午1600有加班。售完為止。,
2/8/2020 15:04:59,5931044571,週日公休,
2/8/2020 15:17:18,5932029934,2/9(週日)本藥局全日休診,
2/8/2020 15:33:23,5901010576,修改資訊,
2/8/2020 16:22:43,5907010525,下午三點開始發號碼牌，下午三點半依號碼序號買口罩,https://www.facebook.com/egmedicinekao/
2/8/2020 17:07:59,5939051238,"早上8:00開放90位成人與25位小朋友
晚上6:00開放10位成人(給下班的人一個機會QQ",https://www.facebook.com/heavenlylovepharmacy/
2/8/2020 19:50:26,5943013880,成人口罩0 .小朋友口罩18.請修改,
2/8/2020 19:56:33,5934010200,成人口罩已售完,
2/8/2020 19:58:59,5931053016,"週一二三五六為下午四點開始販售        
週四和週日為晚上六點半開始販售
成人口罩請於販售時間前兩小時開始排隊較為保險  ",
2/8/2020 21:18:43,5902090167,周一到周六 早上9:30-11:45  周日下午1:30-5:00 ,
2/8/2020 21:27:16,5901023591,"販售實名制口罩時間: 
周一至周五: 早上8:30-10:00
週六與周日: 下午2:00-4:00",https://www.facebook.com/%E5%8F%B0%E5%8C%97%E5%B8%82%E4%B8%80%E5%BF%83%E8%97%A5%E5%B1%80-181877825208195/
2/8/2020 21:40:05,5903250318,"每日早上9:30開始營業即開始發號碼牌,無公休日",https://www.facebook.com/CHUANTAIpharmacy/
2/8/2020 22:34:39,5901113223,早上9：30發放號碼牌，販售口罩時間10am-18pm，逾期取消，名額釋出。,
2/8/2020 22:51:07,5901024490,周一至周日，每日上午九點開店時，發放一百枚成人號碼牌、25枚兒童號碼牌，並同時照號碼發放口罩。,https://www.facebook.com/%E6%98%8E%E6%98%9F%E5%A4%A7%E8%97%A5%E5%B1%80-449545965091761/
2/8/2020 23:51:07,5901024098,"13點發號碼牌,15-17點可領口罩，沒領視同放棄開放給所有民眾",https://www.medfirst.com.tw
2/9/2020 0:44:06,5940040045,每日8:00開始排隊購買,https://www.facebook.com/sevenstarpharmacy/
2/9/2020 1:21:11,5917030100,每日下午一點發放號碼牌，並開始購買口罩,
2/9/2020 1:46:15,5932076791,每天中午12點憑健保卡準時發放號碼牌,
2/9/2020 9:12:13,5931132138,口罩9：00開賣,
2/9/2020 9:43:44,129066422,週日不售口罩,
2/9/2020 9:55:14,5931132138,口罩9:00開賣,https://www.facebook.com/heartcenter001
2/9/2020 9:56:49,5931132496,星期日不賣口罩,
2/9/2020 9:57:57,5931132165,星期日不賣口罩,
2/9/2020 9:59:01,5931132807,口罩14:30開賣,
2/9/2020 9:59:51,5931132183,星期日不賣口罩,
2/9/2020 10:01:42,5931132272,8:10開店，口罩8:20開賣，星期日不賣口罩,
2/9/2020 10:02:22,5931131800,星期日不賣口罩,
2/9/2020 10:03:21,5931130545,星期日不賣口罩,
2/9/2020 10:03:25,5934011985,0800 50片 1500 100片 1800 50片,
2/9/2020 10:07:48,5931020624,每日AM08:30發放號碼牌，限當日20:00前(週日12:00)領取口罩逾時作廢。,
2/9/2020 10:08:38,5945010056,每日下午2點開始領號碼牌 並領取（購買）口罩,
2/9/2020 12:23:26,5932077154,會提前半小時發號碼牌,
2/9/2020 12:28:10,5907150202,星期天沒有販售口罩,
2/9/2020 14:01:17,5942060152,以現場發放號碼牌，領取口罩！！早上八點開始營業，領號碼牌時間為早上八點三十分開始發放,https://www.facebook.com/499329590266261/
2/9/2020 14:42:18,5943013880,2/9成人與小孩均售完.請電腦更正勿誤導民眾,
2/9/2020 15:00:39,5943013880,2/9全數售完.請更正,
2/9/2020 15:51:58,5905310639,庫存量並不準確..成人跟兒童皆已售完,https://www.facebook.com/EVERNEWWILL/
2/9/2020 16:30:04,5941310966,"(一~五)上午十點,下午六點開始發號碼牌(六日)中午十二點開始發號碼牌＊＊請自備１０元＊＊",
2/9/2020 16:52:47,5936192198,領取防疫口罩時間:早上八點半~滿額為止(大人限量100位、小孩限量25位),
2/9/2020 17:10:19,5905310639,庫存量並不準確..成人跟兒童皆已售完,https://www.facebook.com/EVERNEWWILL/
2/9/2020 17:20:43,5943010496,下午3點開始,
2/9/2020 18:29:52,5932052068,口罩每日下午一點開始販售,
2/9/2020 19:24:06,5931091678,星期一至星期六上午九點開始發號碼牌，額滿為止。,
2/9/2020 21:54:34,5943013880,2/10早上9:30開門,
2/10/2020 8:14:32,5903290125,防疫口罩：星期一到五 每日八點半現場排隊發售，星期六八點半到12點結束營業，星期日無營業,
2/10/2020 8:33:12,5907290229,"*7::30-9:30陸續發放號碼牌，成人100名，兒童25名（發完為止）
*提領健保卡和口罩時間：
15:00-18:00 和18:30-21:30 

(號碼牌約9:00-9:30前就會發完，這幾天app存量都有極大的誤差，很抱歉，讓雙方都困擾了😭）",
2/10/2020 9:09:21,5937121228,"早上8:00開始領號碼牌
12:00開始發剩餘的現場口罩",
2/10/2020 9:19:29,5931071425,每日11點發放口罩，請自備零錢,https://posts.gle/VMwLZChUgaoH1ZLH7
2/10/2020 9:25:04,5932099696,上午7點起發放號碼牌 ，以現場排隊狀況為準,
2/10/2020 9:48:32,5903270614,每天早上8:00開始發放,
2/10/2020 10:31:24,5901024114,"營業時間星期一~星期六早上8:30~晚上9:30
早星期一~五早上8:45發號碼牌當日內回來領，星期六不發號碼牌早上9:00售完為止",
2/10/2020 10:49:38,5907010927,12:50發放號碼牌，一點開始發放口罩,http://www.168yuanyuan.com/bulletin-board/2020-02-05-13-02-48.html
2/10/2020 11:23:40,5932023361,營業時間非口罩販賣時間，實際販賣時間以公告為準（可來電詢問）,
2/10/2020 11:51:14,5936060066,星期一～星期六早上7:20開始核卡預領口罩，早上9點線上登錄後再領取健保卡；星期日早上8點開始直接線上登錄核卡及領取口罩。,
2/10/2020 12:21:09,5907290229,"*7:30-9:30陸續發放號碼牌，成人100名，兒童25名（發完為止）
*提領健保卡和口罩時間：
15:00-18:00 和18:30-21:30
（每日約9:00-9:30前就會將號碼牌發完，因為app顯示存量和實際值有極大的誤差，抱歉造成雙方困擾。）",
2/10/2020 12:59:40,5921021780,"下午3點開始，依現場排隊為主，不需領號碼牌。
周日公休。",
2/10/2020 13:02:24,5901103334,"口罩販賣時間:
周一至周五 下午三點到五點
六日 請看現場公告",
2/10/2020 13:02:33,5901103334,"口罩販賣時間:
周一至周五 下午三點到五點
六日 請看現場公告",
2/10/2020 13:28:40,5933061249,"成人口罩0
",
2/10/2020 14:05:41,5912012620,每日12:00整開始,
2/10/2020 14:12:49,5932029934,下午3:30開始銷售口罩,
2/10/2020 14:28:56,5907360431,每日13:30準時開賣口罩，依現場排隊為主,
2/10/2020 15:01:50,5917072577,周一至周六14:00 開始發號碼牌可立即購買,
2/10/2020 15:26:51,5921041924,週一原則上13:30販售，週二~週五建議來電洽詢時間，週六0800~1200,https://pharmacy-5409.business.site/
2/10/2020 15:52:23,5939051247,販售口罩時間下午2點半開始，現場排隊，售完為止,https://www.facebook.com/祐安藥局-2009447486020737/
2/10/2020 16:22:33,5934010200,口罩庫存以現場數量為準,
2/10/2020 16:53:58,5931133313,口罩15:00發放,
2/10/2020 19:28:31,5937131224,成人剩一片兒童剩34片,
2/10/2020 20:20:31,5921050245,藥師偶不定時開店或外出 建議購買前來電詢問,
2/10/2020 20:45:04,5917070659,發放時間請參照藥局臉書公告，口罩地圖頁面位置是錯的，我們實際地點接近忠勇路跟五權西路交叉這邊。,https://www.facebook.com/DeansPharmacy1983/
2/10/2020 21:09:35,5943013880,2/10成人中午就售完兒童還有28片14人份請修正.不要造成個藥局困擾,
2/10/2020 21:31:49,5905310184,禮拜日整日休息,
2/10/2020 21:39:58,5921041924,"02/11(週二)08:30開始供應防疫口罩
02/12(週三)08:30開始供應防疫口罩
採現場排隊制。
但若人潮眾多則視情況發放號碼牌，避免民眾久候及影響領藥民眾。",https://pharmacy-5409.business.site/
2/10/2020 21:40:55,5905310184,"(一~六)中午12:30-13:30開始領號碼牌,下午03:00-06:00點開始賣口罩,逾時號碼取消,資格讓給有需要的人＊＊請自備１０元＊＊",
2/10/2020 21:41:10,5912010224,"健保口罩時間為:禮拜一到六的每天""下午一點""發號碼牌，禮拜天的""下午三點""發號碼牌，如果還沒到預定時間，但現場排隊人數已經超過一百人，就會提前發號碼牌。",
2/10/2020 23:21:26,5931033130,"採早上先發號碼牌,下午依號碼牌領回健保卡及口罩,所以庫存會有所誤差",
2/11/2020 9:13:58,5932077154,會提前半小時發號碼牌,https://www.facebook.com/bothcome/
2/11/2020 9:18:09,5931025601,星期日不看診哦,
2/11/2020 10:05:59,5946011593,政府徵用口罩 每日中午12:00開賣,
2/11/2020 10:17:38,5901101205,防疫口罩早上9點開始販售,
2/11/2020 10:28:07,5931025638,早上九點開始發號碼牌，發完即開始販售，離場即不受理,
2/11/2020 10:53:51,5917072564,"周一 ~周六 09:00 開始發號碼牌, 12:00~15:00 午休, 15:00 發還健保卡 口罩, 21:00打烊
",
2/11/2020 10:56:08,5937071358,景平健保藥局,https://reurl.cc/yyp202
2/11/2020 11:15:07,5931061913,上午9:30開始領取號碼牌。醫事機構代碼:593106A913,
2/11/2020 11:29:55,5903280745,9:00(100片)17:30(100片),
2/11/2020 12:33:30,2337160015,埔鹽鄉內有健保藥局，非健保局公告發放口罩之偏鄉衛生所,
2/11/2020 12:59:11,5901012918,每日下午一點開始販售,
2/11/2020 14:05:39,5901024114,"周日目前不營業
星期一~星期五下午一點開始發號碼牌，2小時內回來領
星期六下午一點開賣售完為止",
2/11/2020 15:29:18,5938020104,每日下午2:00領號碼牌。下午3:00開始販售口罩。,https://www.facebook.com/%E6%96%B0%E4%BB%81%E5%A3%BD%E8%97%A5%E5%B1%80-136975196938313/
2/11/2020 15:29:57,5931052804,"販售時間：禮拜一 二 四 五 19:00-21:00
                    禮拜三 10:00-12:00
                    禮拜六 16:00-18:00
號碼牌發放：販售前15分鐘
自備零錢 口罩儲存袋",
2/11/2020 15:32:37,5931133313,"口罩15:00發放，
門口現場排隊，
無發號碼牌。",
2/11/2020 16:23:19,5901113223,當天早上9：30發號碼牌成人100名，兒童25名給《現場7、8點多就開始來排隊的民眾》。早上10點至晚上9點憑號碼牌買口罩，APP上的庫存是因為他們還未過卡，但實際上名額已經發放完畢。,
2/11/2020 16:43:28,5931025398,"早上：星期二～六 8:30
下午：星期一 2:30
星期日、國訂假日店休
以上口罩發放時間",
2/11/2020 18:24:37,5911011370,"周一至周六每天上午9:30開始發號碼牌, 販售時段第一小時憑號碼牌購買, 第二小時開放現場購買。因應人力有限,販售口罩時段為: 周一16:00-18:00周二12:00-14:00周三17:00-19:00周四14:00-16:00周五18:00-20:00周六14:00-16:00",
2/11/2020 19:34:50,5902050298,每日19：00至21：00發售口罩，星期日休息,
2/11/2020 19:49:25,5937031425,週一至週六 早上8:00開始發放號碼牌 憑號碼牌過健保卡購買,
2/12/2020 6:21:58,5934010193,下午3:00發放號碼牌之後配售,
2/12/2020 9:33:44,5901101205,防疫口罩早上9點開始販售,
2/12/2020 11:24:26,5943010996,早上09:15開始，中午休息(13:00~16:00)，下午16:00繼續。拜託大家，停車別造成鄰居困擾。,
2/12/2020 12:04:46,5905060125,營業時間周一~五:早上8-12點  下午3-7點    周六:早上8-12點   下午休息   周日全天休息,
2/12/2020 12:49:49,5921021851,即日起~周六周日休息~無口罩實名制服務,
2/12/2020 13:19:43,2342130010,02/15以及02/16早上0800至中午1200有加班，下午休息。售完為止。請到現場排隊以示公平。,
2/12/2020 13:40:48,5907330148,"口罩發放，現場排隊，時間分2批:
第一批早上10:00~12:00
第二批下午15:30~17:30",
2/12/2020 15:40:03,5932013614,口罩販賣時段：下午2:30起至售完為止,
2/12/2020 16:07:05,5937013481,早上9:00 發號碼牌 請於半小時後11:00前 過來領取 如果要下午來領 中午12:30-16:00休息,
2/12/2020 16:44:17,5921030118,早上08:30發號碼牌 現場排隊馬上領,https://www.facebook.com/YaLiPharm/
2/12/2020 16:53:03,5921030118,早上08:30發號碼牌 現場排隊馬上領,https://www.facebook.com/YaLiPharm/
2/12/2020 16:53:08,5921030118,早上08:30發號碼牌 現場排隊馬上領,https://www.facebook.com/YaLiPharm/
2/12/2020 17:06:38,5937061638,周一到周六14:30開賣 周日10:00開賣 ,https://www.facebook.com/zhichengpharmacy/
2/12/2020 18:49:22,5937131224,購買口罩上午9點至11點，下午3點至5點30分截止,
2/12/2020 18:49:26,5931025736,成人口罩已售罄,
2/12/2020 19:03:43,5937131224,購買口罩上午900-1100下午300-530止,
2/12/2020 20:56:33,5901192448,每日早上九點開始販售防疫口罩 周日彈性開店 2/16有營業,
2/13/2020 7:48:37,5934011985,現場排隊，整點販售。一至六: 0800*50片 1500*100片 1800*50片。日: 0930*200片,
2/13/2020 11:17:53,5901202654,"口罩14:30開始發號碼牌, 建議13:30就來排隊",
2/13/2020 11:26:24,5901012409,"實名制口罩販售時段
週一~週五 14:00~22:00
週六、週日 18:00~22:00
每日依據配量販售，售完為止",
2/13/2020 11:50:00,5939030177,"排隊人潮少時，現場排隊制
排隊人潮多時，採號碼牌制
現場還有限購的酒精棉片",
2/13/2020 13:17:32,5931020464,每天早上8:45開始發號碼牌，9點開始派領口罩。依照排隊順序，離場即不受理,https://www.facebook.com/29897379hz/
2/13/2020 13:24:25,5917083058,下午2:00排隊領取口罩,
2/13/2020 13:30:23,5917083058,下午2:00發售口罩,
2/13/2020 13:45:47,5917083058,下午2:00發放口罩,
2/13/2020 14:05:26,5941050063,"口罩販賣從早上8:00開始
售完為止
星期六8:00~12:00下午2:00~6:00
星期日公休",
2/13/2020 17:17:18,5933081554,晚上7點發放號碼牌，晚上7點半開始販售,
2/13/2020 17:39:32,5931030568,上午9:45發號碼牌，10點開始刷卡購買成人口罩。12歲以下兒童口罩充足免排隊，請於下午或晚上再來購買即可,
2/13/2020 17:43:13,5931030568,上午9:45發號碼牌，10點開始刷卡購買成人口罩。12歲以下兒童口罩充足免排隊，請於下午或晚上再來購買即可,
2/13/2020 19:54:42,5921041924,"防疫口罩供應動態
採現場排隊制，但若人潮眾多則視情況發放號碼牌，避免民眾久候及影響領藥民眾。
======
2/14(週五)早上08:30開始供應
2/15(週六)早上08:00開始供應
2/16(週日)為了長期抗戰且減少虧損，本周日不販售防疫口罩。",https://pharmacy-5409.business.site/
2/13/2020 19:54:39,5938020104,即日起不限時不領號領取口罩,https://www.facebook.com/%E6%96%B0%E4%BB%81%E5%A3%BD%E8%97%A5%E5%B1%80-136975196938313/?ref=aymt_homepage_panel&eid=ARB_pUX04R2Mon5iYNq4AO3yLrk0kNnAxWqLE_5UYhNq8yO9qxaS5VZJwZyCoAGA5SqJD-Z_wnR5ztFh
2/13/2020 20:45:48,5942010321,銷售時間外欲購買，請先來電詢問,https://www.facebook.com/%E5%8D%97%E5%84%84%E8%97%A5%E5%B1%80-546749592167450/
2/13/2020 21:01:38,25631433,"上午09:10 發號碼牌 , 晚上8-9點 領口罩",
2/13/2020 21:10:42,5917083058,下午2：00開使販售口罩,
2/13/2020 22:21:16,5942010321,隨到隨買~不要排隊，賣完為止,
2/14/2020 1:00:13,5931068464,"星期一到六 早上8點半 下午2點半 發號碼牌
星期日沒營業",
2/14/2020 5:11:59,5931171751,政府徵用口罩固定每日晚上6點~8點販售,
2/14/2020 9:47:49,5917083058,下午2:00開始現場販售口罩,
2/14/2020 11:11:50,5931013478,"星期一到星期六下午1:00 開始販賣防禦口罩。售完為止。 
星期天休息",
2/14/2020 11:40:55,5932029934,"2/16週日上午營業時間至中午12:00, 當日口罩販售時間:10:00~12:00.",
2/14/2020 12:43:54,5932052068,口罩每日下午兩點開始販售；現場排隊,
2/14/2020 13:41:25,5901023591,發號碼牌現場直接購買， 星期一~星期五早上08：30~10，星期六日下午二點~四點開賣售完為止，號碼牌帶離現場，視同失效,
2/14/2020 13:53:04,5937013267,星期一至星期六8:30發放號碼牌，11:00開始販售，星期日休息,
2/14/2020 16:57:40,5931068964,早上九點開始發放號碼牌，下午三點開始領取口罩,
2/14/2020 17:10:57,5931068964,週一到週五早上9點開始發放號碼牌，下午3點開始領取口罩，晚上18:30-1900休診。週六口罩領取時間15:00-17:00,
2/14/2020 17:42:55,5941050063,早上8:00發號碼牌售完為止,
2/14/2020 18:55:30,5921021780,"週一至週六，上午10點～12點、下午3點～6點領取實名制口罩，請自備零錢，不找零。
週日公休。",
2/14/2020 20:26:15,5942020176,早上8:00開始發放號碼牌，早上10:00開始至晚上10:00憑號碼牌領取口罩,
2/15/2020 9:25:35,5939030177,政府口罩現在為現場購買，不用再排隊拿號碼牌了。現場有酒精棉片可供慢性病患者選購(有限購)，謝謝,
2/15/2020 15:04:10,2337160015,1/16日起星期六、日販售口罩時間為早上9:00至12:00；星期一至五為下午1:30至17:30，228及清明連假無販售,
2/15/2020 15:56:32,5933052393,109年2月17日起，販售口罩時間改為下午3點開始，結束時間以口罩售完時間為準。,
2/15/2020 17:49:56,5921041924,"109.02.16.週日再度特別營業供應實名制口罩，
供應時間為08:30開始，販售至成人口罩供應完畢為止，最晚供應到11:00。",https://pharmacy-5409.business.site/
2/16/2020 10:00:29,5937101244,"上午8：30開始發號碼牌，
下午1：30-9：30皆可領口罩，
感謝您的配合。",
2/16/2020 10:00:41,5937101244,"上午8：30開始發號碼牌，
下午1：30-9：30皆可領口罩，
感謝您的配合。",
2/16/2020 10:52:57,5942010321,請不要提早到，請不要排隊，賣完為止,
2/16/2020 11:11:13,2334090016,平日下午2時開始販售(13時50分發號碼牌),https://wuj.ilshb.gov.tw/
2/16/2020 11:56:06,5939030177,政府口罩現在為現場購買，不用再排隊拿號碼牌了，早上9點左右會開始銷售，售完為止。現場有酒精棉片可供慢性病患者選購(有限購)，謝謝,
2/16/2020 12:23:08,5936020133,"週日時間，我們「不會」販售口罩；換言之，我們這週六收到的口罩庫存，會到下週一(2天後)才對外販售。
(至於對外統一販售的時間，仍維持在下午 3點，現場排隊販售，特此回報！！)",
2/16/2020 14:29:45,5901193150,防疫口罩每天早上11點開始販售，並發放號碼牌，下午2點前持號碼牌未領取則失效釋出,https://www.facebook.com/himoripharmacy/
2/16/2020 14:51:57,5931133199,週一到週六早上8點發放，週日早上9點發放,https://www.facebook.com/SUNPOWERPHARMACY/
2/16/2020 15:11:57,5931171706,15:30發放號碼牌，17:00領口罩，謝謝,http://www.weixinrx.com/msg/msg434.html
2/16/2020 16:47:37,5901160053,"週一～週五9:00（80份大人，25份小孩）
                    20:00（20份大人）
週六 9:00（100份大人，25份小孩）
週日  8:00～9:00（80份大人，25份小孩）
                   20:00（20份大人）

",
2/16/2020 21:13:07,5901150280,"每天早上8:30起販售口罩,售完為止",
2/16/2020 21:50:41,5921021780,"領取實名制口罩，週一至週日，上午10點～12點、下午3點～售完，請自備零錢，不找零。
不便處請見諒。",
2/16/2020 22:54:40,5921041924,"2/17(一)早上08:30~09:00供應實名制口罩
2/17(一)早上09:00~12:00配合民眾領藥潮，暫停供應口罩
2/17(一)下午14:30開始供應實名制口罩。
2/18(二)~2/21(五)供應時間將再更新",https://pharmacy-5409.business.site/
2/17/2020 10:37:01,5907060034,星期日下午兩點收健保卡﹐下午四點以後領口罩,https://www.facebook.com/%E5%8C%96%E6%98%A5%E8%97%A5%E5%B1%80-Pharmacy-%E5%AE%B6%E5%BA%AD%E8%97%A5%E5%B8%AB%E8%99%95%E6%96%B9%E7%AE%8B%E5%85%8D%E8%B2%BB%E9%A0%98%E8%97%A5%E5%81%A5%E5%BA%B7%E8%AB%AE%E8%A9%A2%E6%88%92%E8%8F%B8%E8%97%A5%E5%B1%80%E8%97%A5%E7%89%A9%E8%AB%AE%E8%A9%A2%E5%A9%A6%E5%AC%B0%E7%94%A8%E5%93%81%E5%BE%A9%E5%81%A5%E7%94%A8%E5%93%81-238597386993297/
2/17/2020 10:47:34,5939060255,口罩購買時間:AM10:00~PM:2100,
2/17/2020 11:52:20,5932029934,2/23(週日)全日休息,
2/17/2020 12:11:17,5901193150,"本藥局早上11:00發放號碼牌 , 領取號碼牌後可於 14:00前來過卡扣庫 , 因此部分庫存於14:00可能與實際數量有些許誤差 , 敬請見諒!",
2/17/2020 12:14:50,5901193150,"11:00發放號碼牌 , 14:00前來過卡扣庫 (因此14:00前可能現場與電腦庫存有些許誤差.敬請見諒!)",
2/17/2020 14:15:34,5901024703,每日下午三點開始發放號碼牌,
2/17/2020 15:15:27,5903200550,一到六下午兩點發放購買防疫口罩，禮拜日為早上10點。,
2/17/2020 18:24:30,5917072564,"周一 ~周六 09:00 開始發號碼牌, 12:00~15:00 午休, 15:00 發還健保卡 口罩, 21:00打烊
",
2/17/2020 21:24:57,5931025174,防疫口罩代售中午12:00整發放號碼牌，現場排隊,https://zh-tw.facebook.com/pages/category/Medical-Supply-Store/%E5%B0%8F%E6%9E%97%E5%81%A5%E4%BF%9D%E8%97%A5%E5%B1%80-1464307917004546/
2/17/2020 22:03:39,5907010525,下午三點依排隊順序過卡販售口罩，若排隊人數過多，會先依序發放號碼牌後再領取口罩。,https://www.facebook.com/egmedicinekao/
2/18/2020 0:15:07,5903280745,周一到周六下午五點開始販售。,
2/18/2020 2:44:51,5921041924,"防疫口罩供應時間原則上早上08:30開始
週六原則上是08:00開始
週日不定時供應
由於口罩供應地圖資訊更新時間不定，詳情本藥局網站都有立即性更新。",https://pharmacy-5409.business.site/
2/18/2020 9:28:50,5921041924,"為避免影響藥師藥事調劑作業，領藥民眾優先過卡。購買口罩請耐心等候
實名制口罩供應時間
109.02.18.~02.19. 早上08:30開始供應
由於口罩地圖程式更新時間會有延誤
109.02.20.起會直接在網站更新。",https://pharmacy-5409.business.site/
2/18/2020 9:52:07,5931042817,早上和晚上9點發號碼牌販售成人口罩各100份，兒童口罩50份不限時間,
2/18/2020 10:46:57,5942010321,藥師體力不堪負荷，停止口罩代售,
2/18/2020 10:48:20,5901173407,已更改週日不營業，VPN已勾選,
2/18/2020 10:51:53,5901173407,已更改週日不營業，VPN已勾選,
2/18/2020 11:58:19,5943010996,更新口罩時間:早上09:00 ~ 中午11:30，週一至週六。其他時間人力不足(只有藥師一個人)，不發口罩，抱歉，謝謝。,
2/18/2020 16:27:42,5932029934,2/23(週日)本藥局全日休息,
2/18/2020 18:49:56,5901190104,2020/02/18 1530發號碼牌,
2/18/2020 19:20:59,5907290229,"自2/20起（含當天）
口罩代售時間更改為12:05-14:05，現場排隊
（造成不便，敬請見諒。）",
2/18/2020 19:25:15,5921021780,週一至週日，上午10點～12點、下午2點～售完，領取實名制口罩，不需預先領號碼牌。請自備零錢，不找零。,
2/18/2020 19:42:57,5907290229,"自2/20（含當日）
口罩代售時間更改：12:05～14:05，現場排隊。成人400片&兒童200片，售完為止。
（造成不便，敬請見諒。）",
2/18/2020 21:16:49,5931171564,"週日至週五下午三點開始販售口罩,視現場作業情況,依序叫號購買",
2/19/2020 7:58:32,5901029724,目前尚未收到口罩請勿撲空,
2/19/2020 8:42:02,5931042817,"早上9:00 和 晚上9:00 發號碼牌，販售口罩成人口罩各100份。
兒童口罩不限販售時間。",
2/19/2020 8:50:22,5903100019,"更改時段，
下午3點領號碼牌，4點開始販售口罩",
2/19/2020 10:47:18,5902090970,早上9:00開始,
2/19/2020 11:19:08,5942010321,20日起銷售時間為晚上7點到9點,
2/19/2020 12:21:35,5936140022,民安藥局。（台中市大安區） 星期三下午晚上休診 星期六晚上休診 星期天全天休診,
2/19/2020 13:42:45,5921061542,"春節營業時間請電洽或依現場公告
",
2/19/2020 16:26:51,2408,您好,
2/19/2020 17:57:34,593106011,每日10點 .12點 .16點. 19點 四個時段大人各50份。現場排隊,
2/19/2020 18:16:50,5905290025,每天早上8:00開門，8:15開始販賣防疫口罩，不發號碼牌直接排隊即可 (營業時間8:00-22:00，全年無休),
2/19/2020 18:44:38,5911041332,成人帳上剩196實際說已售完,
2/19/2020 19:11:38,5901200114,早上8點發放號碼牌並開放購買，最遲可於晚間8點前領取。,
2/19/2020 20:55:51,5941050063,"早上9點發100份
下午2點發100份",
2/19/2020 20:56:32,5931072137,"口罩下午2點半收健保卡發號碼牌,下午6.30以後可以領取",
2/20/2020 3:01:47,5939012320,口罩發放時間0830-0930、1530-1630,
2/20/2020 7:58:22,5934011985,防疫成人口罩代售時間  週一 15點，18點。 週二至週六:8點，15點，18點。 週日: 9點半。兒童 口罩 不限時段。詳細見店外公告。防疫酒精代售 週一至周六  12點，20點。,
2/20/2020 8:32:43,5903090330,星期一~六  中午12：00~13：00大人口罩150份（300片） 晚上6：00開始大人口罩50份（100片）/小孩目前無限制購買時段/ PS：大人口罩當時段 如無售完時 可在任何時間購買。如均售完時就只能等以上開賣時間到時才開賣當天口罩量。,
2/20/2020 8:59:19,5903090367,口罩代售時間自13:00現場排隊領號碼牌,
2/20/2020 9:17:14,5934081129,口罩代售時間自10:00；現場排隊,
2/20/2020 9:25:34,5901023591,現場直接購買，不須號碼牌，星期一~五早上八點，六日下午二點賣完為止,
2/20/2020 11:34:37,5907030107,早8：10～12：00，下午15：00～18：00，晚上18：30～20：30。週六只有早上，週日休息,
2/20/2020 15:54:42,5911011521,下午四點半販售,
2/20/2020 16:22:51,5901192448,每日早上9點開始販售防疫口罩 周日彈性開店 2/23有營業至中午12點,
2/20/2020 16:29:44,5939012320,防疫口罩發放時間0830-1130,
2/20/2020 17:08:31,5903140036,星期三下午晚上休診，星期六晚上休診，星期天整天休診,
2/20/2020 17:26:54,5903140022,星期三下午晚上休診，星期六晚上休診，星期天全天休診,
2/20/2020 18:15:25,5907330148,防疫口罩領取時間，每日下午3：30～5：30（以現場排隊為主）；發放大人200份（2片）；小孩50份（4片）,
2/20/2020 19:59:27,5945012247,營業時間:上午8:30至12點.下午17:30至21點，口罩販賣時間上午09:00至12點.下午17:30至21點,
2/20/2020 20:51:42,5901024114,"周日目前不營業 
星期一~星期五下午一點開始發號碼牌，2點之前回來領，未領開放現場購買 
星期六下午一點開賣售完為止",
2/20/2020 21:21:45,5942010321,晚上7點到9點銷售口罩，9點到10點消毒藥局,
2/21/2020 9:58:02,5912013396,口罩販售時間為10:00-12:00，逾時不候，其他時間皆不販售。,
2/21/2020 10:02:02,5901160053,週一～週五9:00（160份大人，50份小孩） 20:00（40份大人） 週六 9:00（200份大人，50份小孩） 週日 8:00～9:00（160份大人，50份小孩） 20:00（40份大人）,
2/21/2020 10:39:39,5901110268,早上8:30發號碼牌,
2/21/2020 10:41:01,5901112100,早上9點發號碼牌,
2/21/2020 11:48:09,5931025487,",12:00 開始賣口罩， 11:40 發號碼牌不能離位子",https://kiang.github.io/pharmacies/#5931025487
2/21/2020 12:29:54,5907330148,販售時間: 下午15:30~17:30止,
2/21/2020 14:39:22,5902090970,9:00～16:00售完為止,
2/21/2020 16:42:06,5903280585,週一至週六早上9點，偶開門即賣（偶7點多或8 點），第二次18：30，週日下午4：30 ,
2/21/2020 17:24:08,5901183396,"口罩配售時間：
週一、週二、週三、週五：09：00～12：00、17：00～21：00
週四：17：00～21：00
週六：09：00～12：00、14：30～17：00
週日及國定假日休息。",
2/21/2020 17:33:30,5942060152,早上8:00營業，領號時間為早上8:05，號碼牌以現場發完為止！！,https://www.facebook.com/%E6%B4%8B%E6%B4%8B%E8%97%A5%E5%B1%80-499329590266261/
2/21/2020 20:24:14,5942060152,"營業時間早上八點開始發放號碼牌, 以健保卡過卡成功販售口罩",https://www.facebook.com/%E6%B4%8B%E6%B4%8B%E8%97%A5%E5%B1%80-499329590266261/
2/21/2020 20:49:24,5931052804,"販售時間：禮拜一 二 四 五 19:00-21:00
                    禮拜三 10:00-12:00
                    禮拜六 16:00-18:00
號碼牌發放：販售前15分鐘
自備零錢 口罩儲存袋",
2/22/2020 8:05:16,5917010279,"口罩代售時間 大約上午8：00到9：00間開始,不發號碼排,依序現場領取,週日休息.",
2/22/2020 9:03:14,2338010014,"平日販賣時間10-12點（號碼牌發放時間0910）
假日販賣時間09-11點（號碼牌發放時間0810）
本所為號碼牌制度，發完為止。",
2/22/2020 10:44:06,5901192448,每日早上九點開始販售防疫口罩 周日彈性開店 2/23有營業至中午12點,
2/22/2020 11:23:06,5931030568,週一~週六每天上午9:45開始刷卡購買成人口罩。12歲以下兒童口罩充足免排隊，請於下午或晚上再來購買即可,
2/22/2020 11:55:41,5901202850,每天下午15:00發放號碼牌，發完號碼牌立即賣口罩，請勿拿號碼牌開，叫號未到視同放棄,
2/22/2020 14:54:46,5902021331,口罩發售時間:每日中午12點至14點，時間內售完為止。,
2/22/2020 15:34:31,5931052984,口罩代售時間為下午2點30分，現場排隊領取號碼牌,
2/22/2020 17:05:14,5937131224,"口罩上午9點至11點，下午3點至5點
晚上恕不販售口罩",
2/22/2020 19:01:12,5917072564,"周一 ~周六 09:00 開始發號碼牌, 12:00~15:00 午休, 15:00 發還健保卡 口罩, 21:00打烊
",
2/22/2020 19:11:14,5901153709,"周一至週六:上午11點發號碼牌   下午3點領取口罩
週日:公休",https://www.facebook.com/OiCare/
2/22/2020 20:31:15,2,他們很好心,
2/23/2020 0:13:28,5903040072,口罩發放早上九點半開始發號碼牌，接著發口罩，成人大多排隊人潮發完會剩30張，到11點發完口罩手上30張也會發完，小兒有剩會立即公告到清水小鎮社團 ，供需要的民眾參考。,https://m.facebook.com/blg26281151/?locale2=zh_TW
2/23/2020 10:20:41,5931042817,早上和晚上9點各發100份號碼牌，小孩口罩不限時間,
2/23/2020 10:25:04,5931130223,星期一~星期日8:30開賣,
2/23/2020 10:59:07,2334050012,星期一至星期五下午2點至4點販售，星期六、日上午9點至12點販售。販售前15分發放號碼牌。,
2/23/2020 11:00:10,5931140112,早上9點開始發號碼牌直接排隊購買,
2/23/2020 11:08:44,5931140112,週一至週日早上8:40開門發號碼牌，並同時排隊進行口罩購買，發完為止，請現場排隊不要離開。,
2/23/2020 11:11:45,2334050012,販售時間平日星期一至星期五下午2點至4點，國定假日與星期六、日上午9點至12點。販售前15分鐘開始發放號碼牌。,
2/23/2020 11:44:23,5907310342,口罩代售時間 下午2:30-5:00，現場排隊領號碼牌 過卡購買,
2/23/2020 11:48:40,5907310342,口罩代售時間 下午2:30-5:00 現場排隊領號碼牌 購買口罩,
2/23/2020 11:52:06,5939012320,口罩販售謹限:8:30~11:30發號碼牌領取(如人多約需作業時間1~60分鐘),
2/23/2020 16:00:24,805,請務必要戴口罩,同上
2/23/2020 16:37:40,5934011403,"領取防疫口罩時間—無號碼牌.現場排隊領取
週一～週五 早上8:30開始到售完！
週六～週日 下午2:00開始到售完！",無
2/23/2020 17:24:32,5931050211,週日沒有買口罩,
2/23/2020 18:19:36,5901202396,口罩：週一至週六下午3:00pm開始發售,
2/23/2020 21:35:03,40409405,販售時間：星期一至星期五13：30-15：30，星期六、日（含例假日）9：00-11：00，販售前10分鐘發號碼牌。,
2/23/2020 21:38:24,2334040016,販售時間：星期一至星期五13：30-15：30，星期六、日（含例假日）9：00-11：00，販售前10分鐘發號碼牌。,
2/23/2020 23:01:03,5931053016,"即日起(2/24)
週一二三五六 販售時間改為下午五點開始",
2/24/2020 10:31:28,5932029934,"2/28(週五)本藥局全日正常營業; 3/1(週日)營業至中午12:00, 當日口罩販售時間10:00~12:00",
2/24/2020 10:56:29,5901110080,星期一到六，下午1：00--4：00排隊領買口罩，不發號碼牌，下午5：00後，藥局回復正常作業，請勿來電或來店訊問任何有關口罩問題，app的剩餘量僅供參考，不代表藥局有剩餘。,
2/24/2020 13:31:38,5917072564,"周一 ~周六 09:00 開始發號碼牌, 12:00~15:00 午休, 15:00 發還健保卡 口罩, 21:00打烊
",
2/24/2020 13:53:35,2337190013,實名制口罩販售時間星期一至星期五14:00至17:00，星期六日09:00至11:00，2/28，2/29，3/1和平紀念日連續假期不販售口罩。,https://www.facebook.com/shetou409/
2/24/2020 14:46:32,2340100014,2/24起口罩販售時間： 平日週一至週五下午1:30-3:30 假日及國定假日（如228和平紀念日）為上午9:30-11:30 ,https://zh-tw.facebook.com/q3752080
2/24/2020 15:00:45,5921030118,口罩代售時間：周一～周六上午08:30～10:30限時購買 周日停售,
2/24/2020 16:59:17,2321010013,口罩販售時間早上10-12點（9:40開始發放號碼牌）,
2/24/2020 18:47:44,5931070142,周一到周五早上10點發號碼牌留健保卡 12:00~14:00 . 16:00~22:00領取口罩 ,
2/24/2020 18:49:29,5931171706,每天15:00發放口罩，謝謝,http://www.weixinrx.com/
2/24/2020 20:38:22,5937012877,週一～週日晚上6:50發號碼牌;晚上7:00～9:00開始販售防疫口罩,
2/24/2020 20:42:39,666,該藥局口罩販售時間只有早上10~12點，量多有屁用,
2/24/2020 20:42:47,666,該藥局口罩販售時間只有早上10~12點，量多有屁用,
2/25/2020 11:18:50,5901113232,購票口罩健保卡要壓在藥局換號碼牌，下午1點之後即可隨時領取。,
2/25/2020 12:04:26,5937020084,發口罩時間有異動,
2/25/2020 12:33:24,5917072577,"周一至周六08:00~22:00可購買,售完止,周日無售",
2/25/2020 12:41:55,2337190013,實名制口罩販售時間星期一至星期五14:00至17:00，星期六日09:00至11:00。2/28和平紀念日當日不販售口罩。,https://www.facebook.com/shetou409/
2/25/2020 13:19:46,5946012241,"口罩販售時間：星期1～6 中午12:00-13:30
                           星期日     早上9:00-10:30",
2/25/2020 15:57:39,5931024239,"＊防疫口罩：《統一每日中午12:00發號碼牌》限當日，同時銷售至下午2:00（2:00～5:00電洽）晚上5:00～9:00至售完為止。
星期六:中午12:00～3:30至售完為止。
「星期日休息」",
2/25/2020 16:34:05,5901150548,每日下午3點準時販售口罩，依序售完為止,
2/25/2020 20:58:41,5931072137,"請依指定時間購買,下午2:30-3:30,晚上8:30-發完。其他時段不發口罩。",
2/26/2020 8:36:54,5917072577,"周一至周六8:00至22:00可購口罩,售完止,周日無售",
2/26/2020 8:52:11,5902057546,早上9:00發號碼牌，現場領售完不預留，餘額領取時間9:10~11:30，14:00~17:00，18:30~21:00,
2/26/2020 9:46:25,5931016577,16：30發放號碼牌,
2/26/2020 9:47:18,5931014206,13：00發放,
2/26/2020 10:09:17,5931010066,08：00開始代售口罩,
2/26/2020 10:10:26,5931011947,16：00發放號碼牌,
2/26/2020 10:11:08,5931014528,17：00開始代售口罩,
2/26/2020 10:17:52,5931016111,09：00發放號碼牌,
2/26/2020 10:28:07,5931014831,09：00；18：00發號碼牌,
2/26/2020 10:28:46,5931010477,08：30發號碼牌,
2/26/2020 10:49:58,5931010235,09：00發號碼牌,
2/26/2020 11:02:12,5931017181,10：00開始代售口罩,
2/26/2020 11:05:47,5931010977,08：00發放號碼牌,
2/26/2020 11:09:11,5931013790,09：00發號碼牌；15：00領口罩,
2/26/2020 11:12:29,5931013389,09：00發號碼牌；16：00領口罩,
2/26/2020 11:25:19,5931017270,13：00發號碼牌,
2/26/2020 11:27:25,5931017092,14：00發號碼牌,
2/26/2020 11:30:31,5931014822,09：00代售口罩,
2/26/2020 11:54:03,5931014555,12：30發號碼牌,
2/26/2020 11:55:22,5931016924,08：30和14：00 代售口罩,
2/26/2020 11:56:22,5931017323,平日15：00；週日08：00 代售口罩,
2/26/2020 12:06:34,5931016675,17：00開始代售口罩,
2/26/2020 12:07:11,5931015285,09：30發號碼牌,
2/26/2020 12:07:43,5931017216,08：30發號碼牌,
2/26/2020 12:08:37,5931012257,12：40發號碼牌；13：30領口罩,
2/26/2020 12:09:14,5931013825,10：00開始代售口罩,
2/26/2020 12:09:59,5931010306,09：30發號碼牌；15：00領口罩,
2/26/2020 12:13:04,5931016531,09：00發號碼牌,
2/26/2020 12:15:52,5931017261,13：30開始代售口罩,
2/26/2020 12:19:41,5931017458,08：00開始代售口罩,
2/26/2020 12:22:17,5931010708,13：00發號碼牌,
2/26/2020 13:23:02,5931021014,發售口罩時間：早上9：40~1130，中午休息，晚上6:30分後，售早上剩餘的口罩。,
2/26/2020 13:46:35,5931021014,發售口罩時間：早上9:40分~11：30分，中午，下午休息，晚上6:30分起售早上剩餘的口罩。售完為止。,
2/26/2020 15:35:21,5901162780,下午1:30開始販售隨到隨買   2/28休假,
2/26/2020 16:47:03,5931024239,"‘防疫口罩’下午2:00～5:00請電洽諮詢,星期日休息",
2/26/2020 20:58:12,5931044357,口罩發放時間為：星期一到六/ 下午3到6點。,
2/26/2020 23:29:28,5931112645,9點開始發放號碼牌，11點開始兌換口罩，請於當日晚間8點前兌領。未兌領數量即開放現場排隊購買。,
2/27/2020 1:22:14,5905310255,口罩購買時間：改成週一～週六13:00～16:30售完，週日16:00～19:00售完，3/1週日公休,
2/27/2020 9:04:58,5901184508,"營業時間：9:00-22:30
全年無休
口罩代售時間：
每日下午3點開始。",
2/27/2020 9:08:10,5931033087,"營業時間：9:00-22:30
全年無休
口罩代售時間：
每日下午3點開始。",
2/27/2020 9:11:07,5931044204,"營業時間：9:00-22:30
全年無休
口罩代售時間：
每日下午2:30點開始",
2/27/2020 9:13:31,5931033890,"營業時間：9:00-22:30
全年無休
口罩代售時間：
每日下午3點半開",
2/27/2020 9:29:16,5931030317,2/27起不發號碼牌，售完為止。,
2/27/2020 9:46:49,23369040014,口罩販售時間：平日13:30-16:00、假日9:00-11:00,
3/1/2020 10:36:39,5931030317,營業時間09:30-22:00；口罩發放08:30發號碼牌,
2/27/2020 10:41:28,5901184213,成人口罩販售時間，週一到五19:30起，週六16:30起，週日及國定假日休。兒童口罩整日可售。,https://www.facebook.com/71gracepharmacy/
2/27/2020 10:59:06,5931044357,口罩領取號碼牌及發放時間：每週一到六：下午3點到6點。,
2/27/2020 11:20:50,5917072577,口罩銷售時間：周一至周六8:00至22:00，售完為止，周日無售,
2/27/2020 11:42:50,5901091820,困擾,
2/27/2020 13:38:24,5901091820,數量準了,
2/27/2020 14:24:24,5901192448,每日早上九點開始販售防疫口罩 周日彈性開店 3/1有營業至中午12點,
2/27/2020 14:59:48,5901101250,發號碼牌，跟網站資訊不會同步,
2/27/2020 15:58:26,5931016639,周一至周六13:30~14:50販售口罩，周日及國定假日不販售口罩。,
2/27/2020 18:59:46,5931024239,＊防疫口罩：下午2:00～5:00時間，請電洽諮詢是否營業。星期日休息。《政府酒精》也請電話詢問庫存，謝謝。,
2/27/2020 19:57:19,5905310184,口罩販售時間：(星期一至六)中午12:30-14:30，晚上19:00-21:00逾時就不在販售.(禮拜天公休) ,
2/27/2020 20:13:12,5901113223,當天早上9：30發號碼牌成人200名，兒童50名給《現場8點多就開始來排隊的民眾》。早上10點至晚上9點憑號碼牌買口罩，APP上的庫存是因為他們還未過卡，但實際上名額已經發放完畢。,
2/27/2020 21:23:11,5907300757,每天早上10:00開始販售口罩，售完為止,https://www.facebook.com/%E5%A5%95%E5%BA%B7%E8%97%A5%E5%B1%80-I-COME-529383000870901/
2/27/2020 21:56:52,5938061249,上面建議每天口罩販售2hr，我從2點賣到6點半，吃個飯7點多繼續賣到9點，整理貨單2個小時打不完，拉下鐵門還要準備慢箋叫藥包裝口罩，我想處理部分店內事情，為什麼還要酸我：喔！買口罩還要看你有沒有空喔？,
2/27/2020 22:45:48,5907010927,3點後現場若有剩餘可直接領取,http://www.168yuanyuan.com/
2/28/2020 9:02:49,5938061249,口罩待售時間，每日下午2:00~4:00,
2/28/2020 12:05:29,5931140112,週一至週日早上9:00開門排隊進行口罩販賣，販賣完為止，請現場排隊不要離開,
2/28/2020 12:06:40,5901160704,09:00先發號碼牌 11:00後到打烊前販售口罩,
2/28/2020 12:29:31,5901150548,防疫口罩代售時間：每日下午3點開始，不預發號碼牌，現場排隊，售完為止,
2/28/2020 12:37:49,10036,早上9:00-11:00領號碼牌，下午三點後憑號碼牌發放口罩。,
2/28/2020 13:02:27,5903200096,W1-W5 晚上18:00 發放    W6 休息   W日中午12:00發放,
2/28/2020 14:30:41,594014152,"下午三點開始發放口罩,如遇到人多的情況會發放號碼牌!全年無休,與民眾一同防疫(全店24小時用氣態二氧化氯消毒請民眾放心)",https://zh-tw.facebook.com/egmedicinekao/
2/28/2020 14:36:52,5902021331,109/03/01週日公休，暫停發售口罩。,
2/28/2020 16:37:02,5901121903,本藥局 下午 14:00 開始販賣口罩 (大人小孩一律兩點),
2/28/2020 18:10:23,5901113223,當天早上9：30發號碼牌成人200名，兒童50名。早上10點至晚上九點憑號碼牌購買口罩,
2/28/2020 19:00:03,5932100765,口罩販賣時段:早上9:30(售完為止)  P.S早上9點開始發號碼牌，號碼牌對應卡片數量 ,
2/29/2020 1:20:05,5901202627,週一至週六下午5:00開賣口罩，速戰速決！,https://lin.ee/vUtKREJ
2/29/2020 11:09:54,5931025790,"口罩販售時間：週一至週六 8：00-12：00 14：30-22：00，週日 8：30-12：00,免排隊請直接進店購買",
2/29/2020 11:31:06,5932010202,販售時間：下午2:30-下午7:00,
2/29/2020 11:33:34,5932010202,販賣口罩時間：週一~週六14:30-19:00,
2/29/2020 12:59:37,5932023254,"口罩販賣時段：週一~週五09:30起、周六09:00-12:00，售完為止

口罩剩餘數量請見網站顯示，不需要再行電話確認，謝謝。",
2/29/2020 14:38:37,5911011370,"口罩販售時段: 周一16:00-18:00周二12:00-14:00周三17:00-19:00周四14:00-16:00周五18:00-20:00周六14:00-16:00。請直接於販售時段現場排隊購買, 不需事先領取號碼牌。",
2/29/2020 14:53:38,5932076862,3/1(日)僅營業至下午五點,
2/29/2020 15:42:15,5901150280,"口罩販賣時間為早上0830-0930
發放號碼牌
早上0930後未售完之成人口罩
會在晚上2030-2130販售
其餘時間皆不販售成人口罩
P.s兒童口罩任何時間都可領取",
2/29/2020 15:48:35,5907300757,每天早上10:00開始發口罩，售完為止(3/1周日營業時間~18:00),https://www.facebook.com/%E5%A5%95%E5%BA%B7%E8%97%A5%E5%B1%80-I-COME-529383000870901/?epa=SEARCH_BOX
2/29/2020 19:23:51,5931052484,實名制口罩購買時間：每日上午十點半發放號碼牌，憑號碼牌及健保卡即可現場購買，賣完為止。,
2/29/2020 19:42:01,5931016915,本藥局採發!!!!號碼牌!!!制~上午8點發放!!網路數據僅供參考,
2/29/2020 21:13:43,5941312755,星期一到星期六，早上8:30開始發放號碼牌，中午12:00開始憑號碼牌買口罩。星期日，晚上6點開始發放號碼牌，晚上8:30開始憑號碼牌買口罩。,
3/1/2020 9:48:02,5905380097,口罩領取時間下午四點到七點,
3/1/2020 10:26:20,5938011838,星期一至五14:30-21:00販售，星期六14:30-18:00販售，星期日上午9:30-12:00販售。不發號碼牌。,
3/1/2020 10:34:44,5901150280,口罩販賣時間早上0830起領取號碼牌於現場排隊購買至早上0930。早場未販售完之口罩於晚間2030-2130販售。13歲以下兒童口罩於營業時間皆販售。,
3/1/2020 12:51:20,5931025174,1000,
3/1/2020 13:08:40,5931025174,每日早上10:00開始販售口罩,
3/1/2020 13:23:46,5939031392,每日9點起提供口罩,
3/1/2020 15:31:13,5901193230,依號碼牌為主 下午2 點同步發放,
3/1/2020 15:36:12,5902092643,中午12:00-2:30休息，無販售口罩。,
3/1/2020 15:47:00,5911011610,"口罩販售時段:
每日 14:00、18:00開始各100份，現場排隊售完為止",
3/1/2020 16:36:19,5911011610,口罩販售時段:每日14:00及18:00開始販售，兩個時段各100份成人口罩、50份兒童口罩，現場排隊售完為止,
3/1/2020 19:55:47,5942060152,早上8:05開始發放號碼牌,https://www.facebook.com/%E6%B4%8B%E6%B4%8B%E8%97%A5%E5%B1%80-499329590266261/
3/1/2020 20:37:59,5931042648,"星期一~星期六早上9:20發放號碼牌，當天下午13:30~22:00憑號碼牌+健保卡購買。
星期日下午15:30發放號碼牌，當天15:30~22:00憑號碼牌+健保卡購買",
3/2/2020 0:48:28,5932077154,口罩發放時段AM10:00 PM02:30 PM06:00 (週六 週日 與國定假日AM10:00 PM02:30),https://www.facebook.com/bothcome/?ref=aymt_homepage_panel&eid=ARAVXq5rbsNHJZmu3k6o9moqLbProiESAO1IXqoGFV9ijMn117Uo2ERTXc9owSPVpaBvoxGU0hChJ_Lq
3/2/2020 3:22:13,5905370206,"發售防疫口罩時間
星期一
    至        早上9:00～中午12:00
星期六  
                
        
星期日     下午4:00～晚上7:00",
3/2/2020 9:12:59,5931020446,防疫口罩銷售時間：每日早上9:00販賣，售完為止,
3/2/2020 9:36:42,5905370206,"             防疫口罩發售時間
星期一
    至           早上9:00～中午12:00
星期六

星期日       下午4:00～晚上7:00",
3/2/2020 11:16:12,5901193230,"號碼牌晚上
7點以前回來否則就成後補

;",
3/2/2020 12:23:58,5932029934,3/8(週日)本藥局全日休息,
3/2/2020 13:05:46,5902021331,口罩發售時間:每日中午12點至下午2點，時間內售完為止。,
3/2/2020 16:36:48,5921061560,"口罩販賣時間，星期一到星期五，下午14：30-16：30,  星期六只販賣早上09：30-11：30,謝謝",
3/2/2020 16:49:50,5901161890,發放口罩時間 週一~週六 18:30開始發號碼牌，週日15:00,
3/2/2020 16:50:32,5901160320,19:00開始發放口罩號碼牌,
3/2/2020 17:02:58,5921041924,"本藥局販售口罩之資訊請看網站公告。
網站會有最新資訊。
週一至週五販售時間：
早上08:00-09:00；
下午16:30-17-30；
其餘時間視人潮彈性供應。",https://pharmacy-5409.business.site/
3/2/2020 20:07:34,5905370206,"               防疫口罩發售時間
星期一
    至        早上9:00~中午12:00
星期六


星期日    下午4:00~晚上7:00",
3/2/2020 21:00:33,5931081289,"每日領口罩時間為15:30。
3/5起每日發放政府配給成人200份(3張)，兒童40份(5張)。
若當日無售完隔日將繼續販售，售完為止。
請自備零錢！恕不找零與換錢！敬請配合謝謝～",http://www.weixinrx.com/
3/2/2020 21:26:56,5938061249,"代售口罩時段：週一到週五：早上9點~10點，下午點2~3點。晚上7點~8點。
                           週六日：下午1點半~5點半。(其餘時段，不于代售。詳見店外公告。謝謝)",
3/2/2020 22:14:57,5935051938,售N95/FFP2口罩及加購價口罩，不必健保額度,https://www.facebook.com/pg/%E5%81%A5%E5%BA%B7%E7%94%9F%E6%B4%BB-%E5%90%89%E5%93%81%E8%97%A5%E5%B1%80-392719561220948/about/?ref=page_internal
3/2/2020 23:13:35,5921021833,配合政府領口罩時間：星期一～五上午9:30～11:00及下午5:30～6:30；星期六上午9:30～11:00；星期日公休,
3/2/2020 23:13:38,5931043690,14：00-16：00賣口罩/週日休息,
3/3/2020 1:15:53,5901162520,口罩販賣時間為星期一、二、四、五晚間7:00-9:00,
3/3/2020 2:00:08,5901024490,周一至周日，每日上午九點開店時，發放全部號碼牌，並現場直接照號碼牌過卡領口罩。,
3/3/2020 7:47:18,5908190148,星期一到六，下午２:45左右開始發放口罩。,
3/3/2020 8:26:33,5905370206,防疫口罩發售時間   星期一至星期六  早上9:00～中午12:00      星期日 下午4:00～晚上7:00,
3/3/2020 9:48:51,5901162780,下午一點半開始排隊領取(不發號碼牌),
3/3/2020 13:10:47,5941050063,口罩領取時段14:00~20:00 其他時段不提供,
3/3/2020 14:56:57,5901192448,"自3/7開始, 週六改為早上10點開始販售口罩, 其他天是早上9點開始",
3/3/2020 18:25:30,590580097,口罩領取時間下午四點到下午六點,
3/3/2020 20:45:13,5901110339,"週一～週五 09:00開始發口罩 發完為止
週六 10:00開始發口罩 發完為止
週日不發了",https://www.facebook.com/fusun168/
3/4/2020 9:00:47,5931044357,"自3月4日起、口罩發放號碼牌及領取時間為
週一到週六：下午3點到5點半止",
3/4/2020 9:02:48,5931044357,"自3月4日起、口罩發放號碼牌及領取時間為
週一到週六：下午3點到5點半止",
3/4/2020 9:41:46,5931020795,"防疫口罩代售時間
每日 9:00-12:00
其餘時間不販售",
3/4/2020 12:08:30,2334100017,配合實名制購買口罩，每天早上8:20開始發放號碼牌，8:30到10:30代售口罩，售完為止。,
3/4/2020 14:42:39,5911041510,安東耳鼻喉科二樓循環站正對面9：00-12：00，14：30-21：20,
3/4/2020 19:18:56,5905370206,防疫口罩發售時間如備註,
3/4/2020 23:04:48,5905370206,防疫口罩發售時間  星期一至星期六 早上9:00～中午12:00   《#星期日#  下午4:00～晚上7:00》,
3/5/2020 9:06:59,5931068964,"口罩發放方式採現場排隊現場領取
早上9:00-11:00",
3/5/2020 9:25:55,5905320742,"販售口罩時段為每星期一至星期五下午3點至5點; 星期六下午2點至4點, 感謝大家配合!",
3/5/2020 11:56:34,5901113303,"週一～週五販售
週六、週日休息不販售口罩

本藥局配合政府發售口罩的原則
避免民眾群聚傳染，採領取號碼牌
分段購買口罩方式，時段規則如下:

1. 營業時間早上9:00開始發放號碼牌, 請務必於號碼牌領取時間領取, 逾時無效
2.17:00後可前來詢問是否有剩餘口罩

◆本藥局因採發放號碼牌方式，方便民眾購買口罩，系統目前無法顯示已發送號碼牌數量。
◆口罩數量以藥局實際存量為主，線上查詢之數量僅供參考。",
3/5/2020 12:33:48,5901153825,"防疫口罩販售時間：週一至週六早上08:30發放號碼牌，週日休息。
成人口罩庫存量依現場發放號碼牌為主，『網站口罩庫存量僅供參考』。",
3/5/2020 12:53:31,943010496,"防疫口罩:上午9點開始,售完為止",
3/5/2020 12:54:12,5943010496,"防疫口罩:上午9點開始,售完為止",
3/5/2020 13:22:18,2334100017,配合實名制購買口罩，週一至週日每天早上8:20開始發放號碼牌，8:30到10:30代售口罩，售完為止。,
3/5/2020 13:44:52,5901102828,3/9起，口罩販售時段：週一至週六10:30-13:30，不預發號碼牌，現場排隊，售完為止※週日公休 ,
3/5/2020 13:50:29,5907290229, 口罩代售時間：12:05～14:05（僅2小時），現場排隊。成人600片&兒童200片,
3/5/2020 14:07:12,5901090243,周一到周五早上10點開賣，周六周日及國定假日中午12點開賣,
3/5/2020 15:35:44,5932013614,口罩販賣時段：下午2:30 5:30各一百份,
3/5/2020 15:53:32,5931014699,APP 找不到這家藥局，但健保藥局名單中有這一家資料,
3/5/2020 16:49:36,5931090270,每天早上八點發號碼牌，有拿號碼牌才能領取口罩。,
3/5/2020 20:00:55,5931111844,口罩販售時間:星期一 ~六早上8:30,
3/5/2020 22:06:51,5931016639,13：30-14：50代售口罩,
3/5/2020 22:08:31,5931013852,無代售成人口罩,
3/5/2020 22:10:12,5931017163,09：00代售口罩；週日休,
3/5/2020 22:11:07,5931017172,10：00代售口罩,
3/5/2020 22:12:12,5931014868,13：00代售口罩,
3/5/2020 22:13:03,5931015641,14：00代售口罩,
3/5/2020 22:13:45,5931011241,15：00代售口罩,
3/5/2020 22:14:29,5931017010,10：00代售口罩,
3/5/2020 22:15:08,5931010315,08：30代售口罩,
3/5/2020 22:16:05,5931011938,09：00代售口罩,
3/5/2020 22:16:39,5931010459,14：00代售口罩,
3/5/2020 22:17:20,5931013629,15：00發號碼牌,
3/5/2020 22:17:55,5931017403,15：00代售口罩,
3/5/2020 22:18:31,5931016568,09：00發號碼牌,
3/5/2020 22:19:02,5931016479,09：00代售口罩,
3/5/2020 22:19:38,5931017298,15：00代售口罩,
3/5/2020 22:20:20,5931012140,13：00發號碼牌,
3/5/2020 22:20:54,5931015981,15：00代售口罩,
3/5/2020 22:24:54,5931017556,08：30代售口罩,
3/5/2020 22:25:30,5931014635,13：00發號碼牌,
3/5/2020 22:26:04,5931016595,10：00代售口罩,
3/5/2020 22:26:36,5931011376,09：00發號碼牌,
3/5/2020 22:27:17,5931011107,09：00代售口罩,
3/5/2020 22:28:09,5931016737,08：00發號碼牌收健保卡,
3/5/2020 22:28:48,5931017314,14：00發號碼牌；週日休,
3/5/2020 22:29:32,5931017065,08：30發號碼牌；週日休,
3/5/2020 22:30:16,5931015721,10：00發號碼牌；13：00領口罩,
3/5/2020 22:30:46,5931017449,09：00代售口罩,
3/5/2020 22:31:25,5931013692,08：40代售口罩,
3/5/2020 22:31:55,5931017056,16：00代售口罩,
3/5/2020 22:32:51,5931016899,週一至週六 08：00代售口罩,
3/5/2020 22:33:21,5931016719,09：00代售口罩,
3/5/2020 22:33:53,5931013441,13：00發號碼牌,
3/5/2020 22:34:28,5931010397,17：00代售口罩,
3/5/2020 22:35:01,5931015687,14：30代售口罩,
3/5/2020 22:36:37,5931017547,週一二19：30；週三四五13：30；週六日09：00 代售口罩,
3/5/2020 22:37:09,5931010646,08：00代售口罩,
3/5/2020 22:38:09,5931011045,平日18：00；週日15：00 發號碼牌,
3/5/2020 22:38:39,5931011152,08：00發號碼牌,
3/5/2020 22:39:28,5931010888,09：00發號碼牌；09：30代售口罩,
3/5/2020 22:40:06,5931017136,20：00代售口罩,
3/5/2020 22:40:38,5931017047,14：00發號碼牌,
3/5/2020 22:41:12,5931016826,08：00發號碼牌,
3/5/2020 22:41:42,5931015776,09：00代售口罩,
3/5/2020 22:42:16,5931015883,14：30代售口罩,
3/5/2020 22:42:53,5931017001,09：15代售口罩,
3/5/2020 22:43:25,5931016942,09：00發號碼牌,
3/5/2020 22:43:54,5931012042,09：30發號碼牌,
3/5/2020 22:44:48,5931016755,08：30發號碼牌；12：00以後領口罩,
3/5/2020 22:45:53,5931017369,08：30發號碼牌；過中午領口罩,
3/5/2020 22:47:09,5931014420,週日至週五10：30；週六08：00 發號碼牌,
3/5/2020 22:47:56,5931016817,19：20發號碼牌；19：30代售口罩,
3/5/2020 22:48:43,5931017207,15：30發號碼牌；17：00代售口罩,
3/6/2020 8:03:49,5936200032,"每日上午9點至11點發號碼牌
下午3點至6點持號碼牌領取口罩
星期日公休",
3/6/2020 9:15:06,5941050063,營業時間:禮拜一~五8:00~21:00。禮拜六8:00~12:00，14:00~18:00。星期日公休。,
3/6/2020 10:14:43,5931032919,口罩販售時間：早上9-11點。11點後販售截止 請明天再來買  請體諒賣口罩算是藥局作公益協助政府防疫。但是藥局還有每天日常工作要作 分裝明天的口罩也要花很多時間,
3/6/2020 10:50:42,5939030177,因人力不足，政府口罩下午3點開放購買。現場尚有酒精棉片供慢性病患者限購。酒精則是不定時由郵局配送。,
3/6/2020 10:59:04,5931090270,每天早上八點發號碼牌，拿取號碼牌領口罩,
3/6/2020 11:57:23,5933052606,禮拜一到禮拜六，每天下午一點開始賣健保口罩，不發號碼牌，直接賣，售完為止。,
3/6/2020 14:39:30,5931024239,"＊防疫口罩：每日現場排隊銷售，請耐心等候，無法等待者，麻煩不要排隊，謝謝！
下午2:00～5:00時間，請電洽諮詢是否營業。星期日休息。《政府酒精》也請電話詢問庫存，謝謝。",
3/6/2020 15:34:51,2334100017,週一至週日每天早上8:20開始發放號碼牌，8:30-10:30代售口罩，售完為止。,無
3/6/2020 15:48:49,5921030136,"藥局的營業時間錯誤, 網頁沒有更新。 煩請更正 謝謝您。 周一至周日早上九點至晚上 都有營業，但網頁顯上上午及周日沒有營業??",
3/6/2020 16:01:36,5931016880,13：00代售口罩,
3/6/2020 16:02:13,5931013361,13：00發號碼牌,
3/6/2020 16:02:48,5931015972,08：30發號碼牌,
3/6/2020 16:34:37,5921030136,口罩實名制:  販售時間從下午 2:30 開始，售完為止。周日休息不提供販售,
3/6/2020 16:37:20,5901113303,"週一～週五販售
週六、週日休息不販售口罩

本藥局配合政府發售口罩的原則 避免民眾群聚傳染，採領取號碼牌 分段購買口罩方式

時段規則如下: 
1. 營業時間早上9:00開始發放號碼牌, 請務必於號碼牌領取時間領取, 逾時無效
2.16:00後可前來詢問是否有剩餘口罩 

為了您的健康    
避免購買口罩大排長龍，造成群聚感染
進入本藥局購買口罩時以3人為限
後序等候者請在藥局外面耐心等候

◆本藥局因採發放號碼牌方式，方便民眾購買口罩，系統目前無法顯示已發送號碼牌數量。
◆口罩數量以藥局實際存量為主，線上查詢之數量僅供參考。
",
3/6/2020 18:47:19,5902080616,"領口罩時間 : 每日08:00開始發售至到售完,星期一至星期日",
3/6/2020 19:01:37,5934011985,防疫成人口罩代售時間 周一 12點開始。周二至六 8點-9點 13點-17點 18點。週日: 9點半開始。兒童 口罩 不限時段。防疫酒精代售 收到才有銷售  週一至周六 12點和 20點。,
3/6/2020 21:39:55,5903290385,"口罩購買時間：
週一至週五 上午8:00-9:30、下午6:00-7:00
週六 上午8:00-12:00 
週日公休",
3/6/2020 21:55:53,2334050012,販賣時間：星期一至星期五下午2點至4點，國定假日與星期六日上午9點至12點。販賣前15分鐘發放號碼牌。,
3/7/2020 0:36:44,5903090189,口罩早上08:30開始發售,
3/7/2020 10:34:34,5931042648,發號碼牌跟網路資料不會同步,
3/7/2020 11:29:30,5921030136,"口罩代售時間 , 下午2:30開始, 售完為止.",
3/7/2020 12:34:38,5901113223,當天早上8點及9：30發放號碼牌各100號(限當天使用)，10點至晚上九點憑號碼牌購買口罩,
3/7/2020 12:59:37,5901173050,"口罩代售時間
每週一至週六下午三點起現場排隊過卡代售口罩。
周日公休無營業",
3/7/2020 17:21:36,5921010947,週一至週六早上9：30起開始販售口罩，無領號碼牌，售完為止.,
3/7/2020 17:32:54,5901192180,實名口罩於下午14:30及晚上19:00販售，其餘時間無。,
3/7/2020 20:16:53,5937041190,若前一天口罩有剩餘，早上可買口罩，但因早上藥局忙碌需稍待,https://www.facebook.com/bestpharmacare/
3/7/2020 21:18:41,5901122035,備註需要更新 每日只有下午3點~5點發放口罩,
3/7/2020 21:34:58,5902042492,銷售時間改為早上8:00(100人)、晚上8:00(100人),
3/7/2020 23:14:52,5901190060,"防疫口罩代售資訊：

週一~週六
發號碼牌：早上 11:00
領取口罩：下午 02:00 至 晚上 10:00 

週日公休",
3/8/2020 10:21:05,5937031756,星期一至星期日中午十一時三十分起開始販售防疫口罩，星期四固定公休。,
3/8/2020 12:12:03,5931033934,販售口罩時段為每星期一至星期日下午一點開始,https://www.facebook.com/zsenjoy/
3/8/2020 12:12:27,5931033998,販售口罩時段為每星期一至星期日下午一點開始,https://www.facebook.com/zsenjoy/
3/8/2020 17:27:45,5931171706,"口罩發放時間為 ""一到日""""下午15:30分 謝謝合作:) 售完為止 謝謝各位",
3/8/2020 18:19:06,5931016899,禮拜日19：30販賣,
3/8/2020 19:23:09,5931030264,週一到週六早上九點、週日晚上六點販售口罩、販售前10分鐘發放號碼牌、數量已號碼牌為主,
3/8/2020 20:18:01,5933052393,"口罩庫存量單位為“片”，請民眾注意！
每日販售口罩時間為下午3點開始，結束時間以口罩售完時間為準。",
3/9/2020 1:13:18,5901024838,週一至週日，每天下午一點發號碼牌及代售口罩。口罩地圖的庫存顯示很精準，多想一分鐘，您可以省下不必要的電話費及寶貴的時間。,
3/9/2020 9:51:01,5917072564,"周一~周六 8:30~12:00 接受處方調劑(優先),代售實名制口罩, 12:00~15:00 午休, 15:00~21:00 接受處方調劑(優先),代售實名制口罩",
3/9/2020 10:02:55,5901190060,防疫口罩：週一至週六 早上 11:00  發號碼牌，下午 02:00 至 晚上 10:00 領取口罩，週日公休。,
