醫事機構代碼,醫事機構名稱,營業時間,口罩開賣時間,來源
593201A015,悅民藥局,週六有營業，週日沒營業,12:30~14:30,taoyuan
593201A195,力美藥局,週六有營業，週日沒營業,每日中午12:30至14:30止,taoyuan
593201A284,康泰藥局,週六有營業，週日有營業,8:30:00,taoyuan
593201A435,勝祥藥局,週六有營業，週日有營業,"8:00~8:30 11:00~12:00 15:00~15:30",taoyuan
593201A499,永安藥局,週六有營業，週日有營業,週一至週日8:15起發號碼牌，以藥局實際公告的為主,taoyuan
593201A506,永忻藥局,週六有營業，週日沒營業,"週一~週六 15:00~1700",taoyuan
593201A542,昌維藥師藥局,週六有營業，週日沒營業,週一至週五12：30起至售完，週六13：00起至收15：00,taoyuan
593201A604,啄木鳥藥局,週六有營業，週日有營業,週一至週日13:00起,taoyuan
593201A631,大國民藥局,週六有營業，週日有營業,下午15:30,taoyuan
593201A640,大心藥局,週六有營業，週日有營業,9:30取號碼牌，15:30後再來購買,taoyuan
593201A668,佑您康聯合藥局,週六有營業，週日有營業,下午2:00開始發放號碼牌。有牌4:00前未領開放候補購買。,taoyuan
593201A695,安祐藥局,週六有營業，週日有營業,13：30-14：00。16：30-17:00,taoyuan
593201A748,大田大藥局,週六有營業，週日有營業,"週一~六 17:00~售完為止 週日12:00~售完為止",taoyuan
593202A002,六和藥局,週六有營業，週日有營業,週六晚上7點，週一到週五早上9點30、,taoyuan
593202A173,宏瑞藥局,週六有營業，週日有營業,8:00起,taoyuan
593202A226,冠昇藥局,週六有營業，週日沒營業,15:00到18:00,taoyuan
593202A244,澤仁藥局,週六有營業，週日沒營業,早上9:00_11:00,taoyuan
593202A360,福德藥局,週六有營業，週日有營業,8:00~,taoyuan
593202A600,一心藥局,週六有營業，週日沒營業,"週一.週五 8:30~11:50/14:30~17:50/18:30~20:50/ 週二.三.四 8:30~11:50/14:30~16:50/週六8:30~11:50",taoyuan
593202A655,益昌藥局,週六有營業，週日有營業,"星期一至六 8：00~12：00、14：30~21：30星期日8：00~12：00",taoyuan
593202A664,健新藥局,週六有營業，週日沒營業,15:00-17:00,taoyuan
593202A833,君安藥局,週六有營業，週日有營業,08:30~,taoyuan
593202A931,佳佑藥局,週六有營業，週日沒營業,09:00以後發號碼牌，售完為止,taoyuan
593202B054,幸福藥局,週六有營業，週日有營業,"六日一三8:30~售完為止 /二五14:30~售完為止/四10:00~售完為止",taoyuan
593202B143,永康藥局,週六有營業，週日沒營業,"09:0012:00 —15:00～18:00–19:00～21:00 六早上",taoyuan
593202B214,美十藥局,週六有營業，週日沒營業,"週一至週五 13:00-15:00 週六 15:00-17:00",taoyuan
593202B296,慧康藥局,週六有營業，週日有營業,下午16:00,taoyuan
593202B303,優健藥局,週六有營業，週日有營業,"早上9點開始發放號碼牌 售完為止",taoyuan
593202B330,康博藥局,週六沒營業，週日沒營業,14:00-16:00,taoyuan
593202B349,健康生活藥局,週六有營業，週日沒營業,8:30:00,taoyuan
593202B358,上禾藥師藥局,週六有營業，週日沒營業,中午12點至下午2點,taoyuan
593202B394,永豐藥局,週六有營業，週日有營業,7:00:00,taoyuan
593202B401,佳音健保藥局,週六有營業，週日沒營業,8:00:00,taoyuan
593202B438,祐達藥局,週六有營業，週日沒營業,"週一至週五13:00-15:00 週六8:30-10:30 至販售完",taoyuan
593202B447,榮善堂藥局,週六有營業，週日有營業,0800-1800,taoyuan
593202B474,自立藥局,週六有營業，週日沒營業,8:00:00,taoyuan
593202B483,千葉大藥局,週六有營業，週日有營業,"10:00-賣光 20:00-賣光",taoyuan
593202B492,美麗藥局,週六有營業，週日沒營業,"週一~週六 9:00 (40位)13:00(85位)",taoyuan
593202B572,康林藥局,週六有營業，週日沒營業,8:00:00,taoyuan
593202B634,平安藥局,週六有營業，週日沒營業,10點,taoyuan
593202B732,愛康藥師藥局,週六有營業，週日有營業,07:00-09:00,taoyuan
593202B741,德昱生活藥局,週六有營業，週日有營業,下午3:30,taoyuan
593202B787,中央藥局,週六有營業，週日有營業,8:10至售完,taoyuan
593202B803,中壢聯合藥局,週六有營業，週日有營業,08:30開始，售完為止。,taoyuan
593210A078,康健複合式連鎖藥局,週六有營業，週日有營業,10:00-11:00成人、兒童一半&13:00成人、兒童一半,taoyuan
593210A103,瑞瑄社區大藥局,週六有營業，週日有營業,2/6-2/9（10am），2/10-2/12(3pm),taoyuan
593210A238,美樂蒂藥局,週六有營業，週日有營業,14:30:00,taoyuan
2335110017,南庄鄉衛生所,,08:00~售完,miaoli
2335150011,造橋鄉衛生所,,08:30~售完,miaoli
2335170013,獅潭鄉衛生所,,08:30~售完,miaoli
2335180019,泰安鄉衛生所,,08:00~售完,miaoli
2338070010,鹿谷鄉衛生所,,每日上午：14:00-16:00(假日持續服務),nantou
2338120015,信義鄉衛生所,,每日上午：09:00-11:00(假日持續服務),nantou
5901010058,安郁藥局,10:00-20:00,無特定,tp
5901010076,榮星藥局,08:30-22:00,無特定,tp
5901010085,安世藥局,09:30-22:00,無特定,tp
5901010094,明一藥局,10:00-21:30,無特定,tp
5901010165,傑安藥局,09:30-22:00,無特定,tp
5901010174,仁弘藥局,09:30-21:30,無特定,tp
5901010192,益華藥局,09:00-22:00,無特定,tp
5901010272,德靈藥局,10:00-20:00,無特定,tp
5901010290,健全藥局,08:00-22:00,無特定,tp
5901010496,瑞昌大藥局,08:00-22:00,無特定,tp
5901010576,合生藥局,09:00-22:00,無特定,tp
5901011662,上允藥局,"08:30-12:00、15:00-18:00、 18:30-21:30",無特定,tp
5901011699,建東大藥局,持續連繫中,持續連繫中,tp
5901011733,和諧藥局,08:30-22:00,無特定,tp
5901011751,德恩藥師藥局,09:30-21:30,無特定,tp
5901011760,延壽藥局,09:00-18:00,無特定,tp
5901011975,萬泰藥局,09:30-21:30,無特定,tp
5901012203,博荃藥局,11:30-22:00,15:00開始,tp
5901012383,德川中西藥局,15:30-03:00,無特定,tp
5901012409,家音藥局,08:30-22:00,無特定,tp
5901012454,敦北藥局,09:00-22:00,15:00開始,tp
5901012490,中美藥局,"平日08:50-21:50 假日08:50-21:30",無特定,tp
5901012507,康麗藥局,09:00-22:00,無特定,tp
5901012516,惠登藥局,"一~五08:30-22:00 六10:00-22:00",無特定,tp
5901012561,松田藥局,09:30-21:30,無特定,tp
5901012570,予志藥局,"一~五09:00-22:00 六09:00-21:00 日09:00-18:00",無特定,tp
5901012598,婕登藥局,10:00-23:00,無特定,tp
5901012632,晨安藥局,10:00-22:00,無特定,tp
5901012650,銘德藥局,09:00-22:00,無特定,tp
5901012669,政昇藥局,09:00-12:30、13:00-18:00,14:00開始販售,tp
5901012712,立康大藥局,"平日9:30-22:00 假日10:00-21:30",無特定,tp
5901012749,躍獅松和藥局,12:00-22:00,15:30(會再調整時間),tp
5901012758,京東藥局,09:00-22:00,無特定,tp
5901012767,晨新藥局,"一~五10-22:00 日12:00-20:00",10:00開始發號碼牌,tp
5901012918,躍獅京華藥局,09:00-22:00,無特定,tp
5901012963,綠之家藥局,10:00-22:30,15:00發號碼牌,tp
5901013004,德安藥局,09:00-1200、15:00-18:00,9:00:00,tp
5901013095,康采藥局,"一~六09:00-22:00 日09:00-17:30",無特定,tp
5901013120,誠康中西藥局,一~六09:00-21:30,無特定,tp
5901013139,慶昌藥局,09:00-22:30,無特定,tp
5901013148,唯康藥局,持續連繫中,持續連繫中,tp
5901013157,西松健康人生藥局,09:00-22:00,無特定,tp
5901013175,臺北長庚維康藥局,"平日08:00-21:00 假日08:00-17:00",無特定,tp
5901013200,專品南京藥局,"正常營業時間8:30-22:30(2月6- 8日08:30-21:30，因疫情關係偶 爾會有變動，會公告在藥局門 口)",無特定,tp
5901013246,芝欣藥局,09:30-21:30,14:30:00,tp
5901013264,佑翔藥局,09:00-12:00、15:00-18:00,無特定,tp
5901013308,立赫敦北藥局,09:00-21:30,"09:30發號碼牌\n 販售時間 14:30-16:30、19:30-20:30",tp
5901013317,延壽盛康藥局,營業狀態更新,,tp
5901013326,富景藥局,08:00-22:30,14:00發號碼牌,tp
5901013344,健康活力藥師藥局,09:30-22:00,14:30:00,tp
5901013362,啄木鳥藥局,10:00-22:00,14:00發號碼牌,tp
5901013371,玖田藥局,12:00-23:00,13:30:00,tp
5901013399,一安正昇藥局,09:00-21:30,"2月6日09:00、2月7日15:00(每天都會在網路上公告銷售口罩 時間)",tp
5901013406,美優康藥局,09:00-21:00,9:00:00,tp
5901013433,杏一延吉藥局,08:30-22:30,無特定,tp
5901013442,松山八德藥局,10:00-21:00,19:30:00,tp
5901013451,新德大藥局,09:00-23:30,無特定,tp
5901013460,光點延新藥局,09:00-22:00,9:00:00,tp
5901013488,欣生藥局,09:00-21:30,09:30-10:00發號碼牌，下午開始販售口罩,tp
5901013497,民生盛康藥局,09:00-22:00,無特定,tp
5901013504,杏一臺北長庚藥局,08:00-22:00,08:00-22:00,tp
5901013513,立赫民生藥局,持續連繫中,持續連繫中,tp
5901013522,大樹松山藥局,09:00-22:00,19:30開始販售,tp
5901020296,百立藥局,09:30-21:30(週日休息),14:30開始販售,tp
5901020303,宏恩藥局,10:00-21:00(週日休息),10:00開始發號碼牌，14:30開始憑號碼購買口罩,tp
5901020376,靜園藥局,09:00-23:00,分三時段11:00、15:30、20:30平均販售口罩,tp
5901020385,延吉大藥局,09:30-19:00(六日休息),無特定，採登記制,tp
5901020465,杏友藥局,持續連繫中,持續連繫中,tp
5901020554,師大藥局,持續連繫中,持續連繫中,tp
5901020563,施寶藥局,09:00-21:00(六日休息),無特定，憑當天發放號碼牌購買,tp
5901020590,燕福藥局,09:00-22:00(週日休息),無特定，憑當天發放號碼牌購買,tp
5901020616,龍護大藥局,持續連繫中,持續連繫中,tp
5901020634,新廣生藥局,09:00-22:00(週日休息),08:30開始發號碼牌，09:00開始憑號碼牌販售口罩,tp
5901020652,寶德藥局,"10:00-20:30(周六營業至 17:30、週日休息)",無特定,tp
5901020661,泰佑藥局,09:30-22:00,無特定,tp
5901020670,杏安堂藥局,12:00-22:00(週日休息),無特定,tp
5901020689,四維藥局,09:00-22:00(週日休息),08:30開始發號碼牌,tp
5901020698,羅斯福藥局,09:00-22:00(週日休息),無，憑當天發放號碼牌購買,tp
5901020732,赫慶藥局,持續連繫中,持續連繫中,tp
5901020787,吉成藥局,09:00-22:00,15:00開始販售,tp
5901020858,順天堂藥局,09:00-22:00(週日休息),無，憑當天發放號碼牌領取,tp
5901020876,大興藥局,08:30-20:30(週日休息),無特定,tp
5901020901,辰安藥局,09:30-22:00(週日休息),10:00開始發號碼牌,tp
5901021248,永誠藥局,09:30-21:00(週日休息),15:00開始發號碼牌,tp
5901021346,正昌藥局,10:30-22:30,10:30-12:30,tp
5901021382,建如藥局,09:00-22:00(週日休息),08:00開始發號碼牌，15:00開始憑號碼排購買,tp
5901021408,生百藥局,持續連繫中,持續連繫中,tp
5901022521,臺安藥局,持續連繫中,持續連繫中,tp
5901022601,生光藥局,10:00-22:00(週日休息),14:00開始,tp
5901022898,永康藥局,持續連繫中,持續連繫中,tp
5901023073,世中欣藥局,09:00-22:30,09:30-11:30,tp
5901023091,加豐藥局,持續連繫中,無,tp
5901023153,崇光藥局,"13:00-17:00 18:00-21:00",13:00始,tp
5901023215,大愛健康藥局,10:30-23:00,14:30-23:00,tp
5901023304,麗樺藥師藥局,10:00-22:00,10:00始發號碼牌,tp
5901023313,安和藥局,持續連繫中,持續連繫中,tp
5901023331,佑安藥局,持續連繫中,持續連繫中,tp
5901023386,弘昇藥局,11:00-23:00,11:00-23:00,tp
5901023519,惠盈藥局,10:00-22:00,10:00-22:00,tp
5901023523,聯合仁愛藥局,08:00-18:00,08:00-18:00,tp
5901023591,一心藥局,09:00-21:30,"週一至週五同營業時間，週六日: 14:00-16:00",tp
5901023653,信安健康藥局,09:30-21:30,13:30發號碼牌,tp
5901023680,新富川藥局,10:00-23:00,11:00-19:00,tp
5901023706,聖英藥局,08:00-21:30,14:00發號碼牌,tp
5901023724,元氣生活健保藥局,10:00-22:00,10:00發號碼牌,tp
5901023831,康乃馨藥局,09:00-21:00,09:00-21:00,tp
5901023886,世康藥局,09:00-22:00,09:00發號碼牌,tp
5901023902,惠良藥局,10:00-22:00,10:00發號碼牌,tp
5901023966,愛維康生活藥局,"週一至週五8:30-22:00，週六: 9:00-22:00，週日:9:00- 12:30、18:00-22:00",每日14:00開始,tp
5901024007,古亭健康人生藥局,持續連繫中,持續連繫中,tp
5901024098,杏一瑞安藥局,09:00-22:00,15:00開始,tp
5901024114,好安心藥局,08:30-21:30,08:45開始發號碼牌,tp
5901024123,中山樂方藥局,09:00-21:00,09:00發號碼牌,tp
5901024178,天康忠孝藥局,08:30-22:30,08:30發號碼牌,tp
5901024212,中力信義藥局,09:30-21:30,13:00開始,tp
5901024221,安居藥局,08:30-12:00、17:30-21:00,08:30發號碼牌,tp
5901024310,躍獅新生藥局,09:00-22:00,15:00開始,tp
5901024347,博大藥局,08:00-22:00,9:00發號碼牌,tp
5901024427,博昱仁愛藥局,8:00-22:00,9:00發號碼牌，下午2:00領取,tp
5901024472,忠孝康承健保藥局,持續連繫中,持續連繫中,tp
5901024481,微笑藥師藥局,09:00-21:00,無特定,tp
5901024490,明星大藥局,持續連繫中,持續連繫中,tp
5901024516,博昱師大藥局,08:00-22:00,09:00發號碼牌,tp
5901024525,國泰維康藥局,08:30-21:30,14:00:00,tp
5901024543,奇威藥局,一到六09:00-22:00,10:00、12:00、16:00、18:00、20:00,tp
5901024632,艾登安和藥局,持續連繫中,持續連繫中,tp
5901024669,百岳藥局,"一到五09:00-12:30、18:00- 21:00 \n 六09:00-12:00",無特定,tp
5901024678,大安健康人生藥局,09:00-22:00,14:00:00,tp
5901024687,博昱大藥局,08:00-24:00,09:00發號碼牌,tp
5901024696,仁華藥局,08:30-13:00、15:00-21:30,無特定,tp
5901024703,吾家藥局,一到六09:00-22:00,15:00-17:00,tp
5901024712,早安藥局,09:00-22:00,09:00發號碼牌,tp
5901024721,麗泰藥局,09:00-23:30,09:00發號碼牌,tp
5901024758,兆安健保藥局,"一到六10-22 日10-18","09:00-10:00發號碼牌 18:00-19:00發號碼牌",tp
5901024767,杏一樂業藥局,09:00-22:00,15:00發號碼牌,tp
5901024801,平安藥師藥局,持續連繫中,持續連繫中,tp
5901024810,博興藥局,08:00-22:00,9:00:00,tp
5901024829,威康藥局,"一到五09:00-21:30 六09:00-18:00",08:40發號碼牌,tp
5901024838,昶青藥局,持續連繫中,持續連繫中,tp
5901024856,杏一臺北國泰藥局,08:00-22:00,14:30開始排隊、18:30開始排隊,tp
5901024865,沛林東區生活藥局,"一到五11:00-05:00 六14:00-05:00 日14:00-22:00",15:00發號碼牌,tp
5901024874,奇異果大安藥局,持續連繫中,持續連繫中,tp
5901024883,躍獅敦和藥局,09:00-22:00,09:00發號碼牌,tp
5901024892,太醫藥局,一到六09:00-21:00,13:30開始,tp
5901024909,康維健保藥局,"一到五10:00-13:30、15:00- 21:30\n 六10:00-13:30",10:00-13:30,tp
5901024918,康祥藥局,"一到六09:15-21:45 日11:00-19:00",09:15發號碼牌,tp
5901090074,慈仁藥局,09:00-20:00,09:00發號碼牌,tp
5901090127,三銘大藥局,"一到六09:00-20:00 日11:00-18:00",09:00發號碼牌,tp
5901090154,柯藥局,"一到六09:00-20:00 日09:00-12:00、18:00-20:00",09:00發號碼牌,tp
5901090181,時春藥局,09:30-20:00，星期六、日休息,無特定,tp
5901090216,裕仁藥局,09:00-21:30，星期日休息,持續聯絡中,tp
5901090243,建祥藥局,09:30-22:00,發放號碼牌,tp
5901090270,立生藥局,人員表示目前停業,,tp
5901090289,正利民藥局,09:00-23:00,09:15販售,tp
5901090323,泰元藥局,09:00-22:00,"今日(2/6)14:00發放號碼牌，後面發放時間會依前日販售狀 況做調整",tp
5901090369,保慶藥局,09:00-23:00,15:00販售,tp
5901091473,快安藥局,09:00-23:00,無特定,tp
5901091544,得意藥師藥局,11:00-23:30,無特定,tp
5901091624,健康美藥局,09:00-22:00,無特定,tp
5901091688,宏泰藥師藥局,09:30-22:30,14:30販售,tp
5901091759,儷安藥局,10:00-21:00，星期日休息,12:00-18:00,tp
5901091820,富康藥局,09:00-23:00,無特定,tp
5901091839,春鄰藥局,09:00-21:00,"星期一、二、五 10:00-12:00，星期三、四、六、日 15:00- 17:00",tp
5901091857,佳禾藥局,08:30-22:30,14:30-16:30,tp
5901091884,躍獅雙蓮藥局,"星期一~五8:30-22:00，星期六 日11:00-21:00",13:30販售,tp
5901091973,延平新聖安藥局,10:00-22:00，星期日休假,15:00販售,tp
5901091991,德芳藥局,"星期一~五09:00-21:00，星期六 09:00-17:00",目前無特定，之後可能會調整為下午販售,tp
5901092014,旭豐藥局,09:30-21:00，星期日休息,14:00販售,tp
5901092041,酒泉春天藥局,08:00-22:30,15:30販售,tp
5901092050,中興聯合藥局,08:00-18:00，星期六日休息,08:00發號碼牌，14:00-18:00販售,tp
5901092069,躍獅遠東藥局,"星期一~五09:00-21:00，星期六 09:00-20:00，星期日09:00- 19:00",15:30販售,tp
5901100057,百源堂大藥局,08:00-20:30、星期六日休,08:30-售完為止,tp
5901100066,名祥藥局,08:00-23:00,11:00-售完為止,tp
5901100155,大信藥局,"11:00-22:00、星期六14:00- 22:00、星期日17:00-22:00",11:00-售完為止,tp
5901100244,定好大藥局,09:00-21:00、星期日休,09:00-售完為止,tp
5901100333,明美藥局,12:00-24:00,14:30-售完為止,tp
5901100342,順泰藥局,持續連繫中,持續連繫中,tp
5901100422,滿順藥局,09:00-22:30、星期日休,09:00-售完為止,tp
5901100431,長生藥局,"09:00-22:00、星期日09:00- 12:00",12:00-售完為止、星期六日10:00-售完為止,tp
5901100440,優豐藥局,"09:00-22:00、星期日15:00- 22:00",13:00-售完為止,tp
5901100495,能康藥局,11:00-22:30、星期六日休,14:00-售完為止、19:00-售完為止,tp
5901100628,貢玄藥局,09:00-22:00、星期日休,09:00-售完為止,tp
5901100664,阿里藥局,09:00-22:30、星期日休,15:00-售完為止,tp
5901100717,榮昌藥局,"09:00-23:00、星期日17:00- 23:00",12:00-售完為止、19:00-售完為止,tp
5901100735,華友藥局,09:30-23:00、初一~初四休,09:30-售完為止、12:00-售完為止,tp
5901100771,良佑藥局,10:00-21:00、星期日休,10:00-售完為止,tp
5901100799,立大藥局,13:00-22:00,12:00-售完為止,tp
5901100959,武璋大藥局,09:00-21:30、星期日休,09:30-售完為止、14:30-售完為止,tp
5901101072,長青藥局,09:00-22:30,09:30-售完為止,tp
5901101161,晏晟藥局,09:00-22:00、星期日休,09:30-售完為止,tp
5901101205,大直藥局,持續連繫中,持續連繫中,tp
5901101250,美日藥局,持續連繫中,持續連繫中,tp
5901101321,文德藥局,"10:30-23:00、星期日18:00- 23:00",15:00-售完為止、星期六日20:00-售完為止,tp
5901101509,永直藥局,08:00-23:00,08:00-售完為止,tp
5901101536,展佑藥局,"10:00-22:00、星期日19:00- 24:00",10:00-售完為止,tp
5901101607,蓁榛健康生活藥局,10:00-22:00、星期日休,14:00-售完為止,tp
5901101625,中崙藥局,"08:30-12:00、14:30-18:00、 19:00-21:30、星期日休",09:00-售完為止,tp
5901101652,祥泰藥局,"13:00-翌日02:00、星期六 15:00-翌日02:00、星期日休",13:00-售完為止,tp
5901101796,得康藥局,(營業狀態更新),(營業狀態更新),tp
5901101910,嘉恩藥局,"08:30-12:30、13:30-18:00、 18:30-21:30、星期日休",13:30-售完為止,tp
5901101929,樂活苑藥局,10:00-22:00、星期日休,10:00-售完為止,tp
5901101992,大愛藥師藥局,12:00-22:30、星期日休,15:00-售完為止,tp
5901102015,久大藥局,09:30-22:00、星期日休,14:00-售完為止,tp
5901102060,專心藥局,11:30-21:00、星期六日休,11:30-售完為止,tp
5901102408,康林藥局,"09:00-22:30、星期日14:00- 22:30",09:00-售完為止、星期日14:00-售完為止,tp
5901102417,民生興安藥局,"08:30-12:00、13:30-17:00、 18:00-21:00、星期六08:30- 12:00、13:30-17:00、星期日休 息",15:00-售完為止,tp
5901102444,啟美藥師藥局,"09:00-22:00、星期六休息、星 期日11:00-20:00",11:00-售完為止,tp
5901102515,華康藥局,"08:00-22:00、星期日08:00- 18:00",10:00-售完為止,tp
5901102560,龍江藥局,09:30-22:00,14:00-售完為止,tp
5901102579,晴光藥局,09:30-22:00,持續聯繫中,tp
5901102597,德惠藥局,09:30-22:00,14:00-16:00,tp
5901102631,金生藥局,09:00-21:00、星期日不確定,"11:00、13:00、15:00、17:00、19:00 (每時段健保卡大人20張、小孩5張)",tp
5901102677,興康源藥局,11:00-21:30,11:00-售完為止,tp
5901102686,富宥康藥局,持續連繫中,持續連繫中,tp
5901102748,淮濟藥師藥局,11:00-23:00、星期日休息,12:30-售完為止,tp
5901102828,逸帆藥局,"10:00-14:00、15:30-21:40、星 期日休息",10:30-售完為止,tp
5901102837,正傑健保藥局,"09:00-22:30、星期六10:00- 22:00、星期日休息",持續連繫中,tp
5901102855,錦西春天生活藥局,持續連繫中,持續連繫中,tp
5901102873,盛康藥局,09:00-22:00,13:00發號碼牌、13:30開始賣,tp
5901102891,中山藥局,"10:00-24:00、星期日15:00- 23:00",10:00-售完為止、星期日15:00-售完為止,tp
5901102962,中興藥局,"09:00-22:00、星期六日不固定 休",14:00-售完為止,tp
5901102971,保德明水藥局,09:00-22:30,無特定,tp
5901102999,廣福中西藥局,10:00-22:00、星期日休息,10:00-售完為止,tp
5901103030,錦康活力藥局,10:00-21:30,14:00發號碼牌、16:00開始販售,tp
5901103110,大直健康藥局,"08:00-22:50、星期日08:00- 17:30",08:15發號碼牌、09:00開始販售,tp
5901103147,娸淇藥局,"門口公告2/6-2/26休年假(店休) 11:00–21:00、星期六15:00– 20:00、星期日休",,tp
5901103183,OK藥師藥局,08:30-22:00,08:30-售完為止,tp
5901103192,昶青林森藥局,"10:00-23:00、星期六13:00- 22:00、星期日13:00-20:00",13:00-售完為止,tp
5901103209,麗恩藥局,10:00-22:00、星期日休息,12:00-售完為止,tp
5901103227,建誠中西藥局,"09:00-21:00、星期六09:00- 15:00、星期日休息",13:00-售完為止,tp
5901103236,誠意中西藥局,09:30-22:00、星期日休息,10:00-售完為止,tp
5901103272,長安藥局,09:30-22:30、星期日休息,15:00-售完為止,tp
5901103325,仁一藥局,"09:30-22:00、星期六09:30- 21:30、星期日13:00-21:30",16:00-售完為止,tp
5901103334,大直小太陽藥局,07:30-23:00,15:00-售完為止,tp
5901103343,王中興藥局,09:00-22:00,"2月6日12:00-售完為止、20:00-售完為止(每天於臉書及店門 口公告)",tp
5901103352,美康正康藥局,09:00-23:00,14:00-售完為止,tp
5901103405,大直永安藥局,08:00-22:00、星期日休息,13:00-售完為止,tp
5901103414,元宏藥局,"08:00-12:00 16:30-21:30、星 期六:08:00-12:00、星期日休 息",08:00-售完為止,tp
5901103423,農安藥局,10:00-00:00,14:00-售完為止,tp
5901103450,東東藥局,10:00-21:30、星期日休息,15:30-售完為止(視情況調整時段),tp
5901103469,聖晨藥局,"08:30-12:00、14:00-17:30、 18:00-21:00、星期六:08:30- 12:00 14:00-16:30、星期日 休息",無特定,tp
5901103487,錦州春天生活藥局,08:30-22:30,15:30-售完為止,tp
5901103496,杏一龍錦藥局,09:00-22:30,14:00-售完為止、星期日15:00-售完為止,tp
5901103512,大樹龍江藥局,09:00-22:00,19:30-售完為止,tp
5901103521,中華藥局,10:00-19:30、星期日休息,10:00-售完為止,tp
5901103530,農安盛康藥局,09:00-22:00,09:00-售完為止,tp
5901103558,佳頤中西藥局,09:00-22:00、星期日休息,16:00-售完為止,tp
5901103576,康銓藥局,09:00-22:00,09:00-售完為止,tp
5901103585,禾全藥局,09:00-22:00,10:30-售完為止、14:30-售完為止、19:30-售完為止,tp
5901110080,葛蘭素藥局,10:00-22:00,13:00-售完為止、16:00-售完為止,tp
5901110133,泰成藥局,09:00-21:00、星期日休息,09:00-售完為止,tp
5901110268,赫得藥局,"8:30-13:00 14:30-22:00、星期 日休息",08:30-售完為止,tp
5901110302,富盛藥局,09:00-21:00,09:00-售完為止,tp
5901110311,永安藥局,10:00-20:00、星期日休息,10:00-售完為止,tp
5901110339,富山藥局,10:00-22:00,10:00-售完為止,tp
5901110393,明湖藥局,09:00-23:00,09:00-售完為止,tp
5901110446,清白藥局,08:30-22:30,13:00-售完為止,tp
5901110624,宏光藥局,10:00-22:00、星期日休息,14:00-售完為止,tp
5901111863,杏佳藥局,09:00-22:00,09:00-售完為止,tp
5901111890,安康藥局,08:00-21:00,15:00-售完為止,tp
5901111934,至康藥局,"09:00-22:00、第2及4星期日休 息",09:00-售完為止,tp
5901112011,文新藥局,"09:30-21:30、星期六:10:00- 14:00、星期日休息",09:30-售完為止,tp
5901112100,盧狄聯合藥局,"09:00-20:00、星期日8:00- 12:00",09:00-售完為止,tp
5901112351,康信藥局,10:00-22:00、星期日休息,16:00-售完為止,tp
5901112413,維安藥局,8:30-22:30,10:00-售完為止、18:30-售完為止,tp
5901112593,康健藥局,"8:30-12:00、14:00-22:00、星 期日8:30-12:00",14:00-16:00、星期日8:30-10:30,tp
5901112600,匯安藥局,"9:00-12:00、17:00-21:00、星 期六日9:00-12:00",無特定,tp
5901112682,富康東湖藥局,8:00-23:00,14:00發號碼牌、16:00領口罩,tp
5901112726,高昱藥局,"10:30-12:00、14:00-18:00、星 期六日預約制",14:00-15:00,tp
5901112762,樂活藥師藥局,持續連繫中,持續連繫中,tp
5901112780,樂康藥妝藥局,"09:00-22:00、星期日18:00- 22:00",無特定,tp
5901112824,思恩藥局,"09:00-13:00、14:00-22:00、星 期六09:00-18:00、星期日休息",14:00-售完為止,tp
5901112842,早安元氣藥局,"08:40-12:00、15:00-18:00、 19:00-21:30、星期六08:40- 12:00、15:00-18:00、星期日休 息",無特定,tp
5901112860,展恩藥局,"9:00-13:00、15:00-22:00、星 期日休息",09:00發號碼牌、11:00領口罩,tp
5901112879,壹零捌藥局,"9:00-22:00、星期日10:00- 19:00",無特定,tp
5901112977,瑞光藥局,08:00-22:00,14:00-售完為止,tp
5901112995,昇龍藥局,08:00-22:00,13:30發號碼牌、14:30販售口罩,tp
5901113018,桔子藥局,09:00-22:00,14:00-16:00,tp
5901113027,晟安藥局,09:00-22:00、星期日休息,2月6日12:00-售完為止，後續將視販售狀況調整,tp
5901113045,西湖藥局,"09:30-21:30(2月8日無營業)、 星期日休息",10:00-售完為止、12:00-售完為止,tp
5901113081,宜昇優良藥局,"09:00-22:00、星期六日10:00- 21:00",13:40-售完為止,tp
5901113143,躍獅寶湖藥局,09:30-21:30,15:00-售完為止,tp
5901113198,傑昇藥局,"09:00-22:00、星期六日10:30- 21:00",14:00-售完為止(暫定時間),tp
5901113205,新安健保藥局,"09:00-13:00、14:00-20:45、星 期六09:00-14:00、星期日休息",無特定,tp
5901113223,仕德安藥局,10:30-21:00、星期日休,10:00發放號碼牌,tp
5901113232,躍獅東湖藥局,09:00-22:00,09:30發放號碼牌,tp
5901113250,大內湖藥局,"08:30-12:00、15:30-22:00、星 期日8:30-12:00",13:00-15:00,tp
5901113269,樂齡藥師藥局,09:00-21:00,"09:50發放號碼牌 13:50發放號碼牌 16:50發放號碼牌",tp
5901113296,喜越藥局,08:00-22:00,08:00發放號碼牌,tp
5901113303,禾康藥局,"08:30-18:00、星期六08:30- 12:00、星期日休",09:00發放號碼牌,tp
5901113312,江南大藥局,08:30-22:00,08:30發放號碼牌,tp
5901113330,躍獅大湖藥局,10:00-22:00,12:00發放號碼牌,tp
5901113349,澴山藥局,"08:30-12:00、14:30-22:00、星 期日休",14:00-售完為止,tp
5901113367,瑞暉藥局,09:00-22:00,09:00-售完為止,tp
5901113376,內湖藥局,10:00-21:00,19:00發放號碼牌,tp
5901113385,躍獅康成藥局,"10:00-21:30、星期日10:00- 19:00",10:00-售完為止、15:00-售完為止、星期日10:00-售完為止,tp
5901113394,富康文德藥局,08:00-22:30,14:00發放號碼牌,tp
5901113401,躍獅麗湖藥局,09:00-22:00,09:00-售完為止,tp
5901113438,晶龍藥局,09:00-22:00、星期日休,14:00-售完為止,tp
5901113456,佑全內湖康寧藥局,08:00-22:00,14:00-售完為止,tp
5901113509,安安藥局,08:30-22:00、星期日休,08:00-售完為止,tp
5901113527,杏一港墘藥局,持續連繫中,持續連繫中,tp
5901113536,原大藥局,08:00-23:00,13:30發放號碼牌,tp
5901113545,和康健保藥局,08:30-23:00,15:00-售完為止,tp
5901113554,葫光藥局,持續連繫中,持續連繫中,tp
5901120022,旭村藥局,持續連繫中,持續連繫中,tp
5901120139,裕成藥局,08:30-22:00、星期日休,12:00-售完為止,tp
5901120175,新錦安藥局,08:00-22:00、星期日休,不固定(每日公告店門口),tp
5901120184,仁泰藥局,持續連繫中,持續連繫中,tp
5901120308,加欣藥局,08:30-22:00、星期日休,09:00-售完為止,tp
5901121421,祥安藥局,09:00-22:00、星期日休,12:00-售完為止,tp
5901121449,麗康藥局,09:00-23:00,14:00-售完為止,tp
5901121501,親親藥局,"08:00-12:00、14:00-17:00、 18:00-21:00、星期六09:00- 12:00、14:00-17:00、星期日 09:00-12:00、15:00-17:30、 19:00-21:30",08:00發放號碼牌、星期六日09:00發放號碼牌,tp
5901121574,上丞藥師藥局,09:00-22:00,11:00發放號碼牌,tp
5901121583,健園藥局,"08:00-12:00、14:30-17:30、 18:00-21:00、星期六08:00- 12:00、星期日08:00-12:00、 18:30-21:00",8:00:00,tp
5901121592,忠孝藥局,09:00-22:00,11:00、19:30,tp
5901121618,新東發藥局,持續連繫中,持續連繫中,tp
5901121627,富康活力藥局,08:00-23:00,14:00:00,tp
5901121672,亞博藥師藥局,持續連繫中,持續連繫中,tp
5901121725,佳龍藥局,08:00-22:30,12:30-14:30,tp
5901121734,湳港藥局,07:30-22:30,14:30-售完為止,tp
5901121798,進慧藥局,"(週一、二、四、五)08:00- 12:00、17:00-21:00 \n (週三、六)08:00-12:00、星期 日休",09:00-售完為止,tp
5901121823,儀安健保藥局,"08:00-12:00、15:00-21:30、星 期日09:00-12:00、18:00-21:00","星期一09:30、星期二10:30、星期三11:00、星期四15:00、 星期五16:00、星期六日19:00",tp
5901121850,健涵藥局,"08:00-22:00、星期六日09:00- 21:00",08:00、星期六日09:00,tp
5901121869,南港藥局,09:30-21:00、星期日休,12:00-售完為止,tp
5901121896,順翔藥局,"10:00-20:00、星期六日09:00- 12:00",10:00、星期六日09:00,tp
5901121903,景星藥局,"09:00-22:00、星期六09:00- 21:00、星期日休",09:00-售完為止,tp
5901121912,成恩藥局,"08:00-12:00、14:00-21:00、星 期六08:00-12:00、星期日休",14:00-售完為止(暫定),tp
5901121930,小藥師健保藥局,09:00-22:00,09:00-售完為止,tp
5901121958,心亮藥局,持續連繫中,持續連繫中,tp
5901121976,杏安藥局,"09:00-22:30、星期日10:00- 18:00",15:00-售完為止,tp
5901121985,勝安藥局,"09:40-22:30、星期六10:30- 22:30、星期日15:30-22:30",21:00-售完為止,tp
5901122026,杏一中坡藥局,09:00-22:00,15:00-售完為止,tp
5901122035,成福大藥局,08:00-22:00,15:00-售完為止,tp
5901122044,心心藥局,08:00-23:00,08:00-售完為止,tp
5901150011,南風藥局,08:30-21:00、星期日休,08:30-售完為止,tp
5901150057,菁安藥局,08:30-21:30,08:30-售完為止,tp
5901150128,新興藥局,"09:00-12:30、15:00-21:30、星 期日不固定休",09:00-售完為止,tp
5901150146,坤成泰藥局,"09:00-20:00、星期日10:00- 17:00",09:00、星期日10:00,tp
5901150235,杏城藥局,"09:00-21:30、星期六09:00- 15:00、星期日休",14:00-售完為止,tp
5901150244,佳赫藥局,"08:30-22:00、星期日09:00- 21:00",08:30、星期日09:00,tp
5901150271,建芳藥局,10:00-22:00、星期日休,10:00-售完為止,tp
5901150280,慈航藥局,08:30-22:30,08:30-售完為止,tp
5901150342,士林三安藥局,一到六09:00-23:00,無特定,tp
5901150351,啟宏藥局,一到五09:00-21:00,無特定,tp
5901150397,博惠藥局,"一到六08:30-22:00 日08:30-21:00",15:00:00,tp
5901150459,有德堂大藥局,持續連繫中,持續連繫中,tp
5901150468,太安藥局,08:30-22:00,無特定,tp
5901150511,三原藥局,"一到五09:00-12:30、17:00- 22:00 \n 六09:00-12:30",17:00:00,tp
5901150548,田倉藥局,09:00-21:30,15:00:00,tp
5901150575,日康藥局,持續連繫中,持續連繫中,tp
5901150593,安寧藥局,持續連繫中,持續連繫中,tp
5901150600,環安藥局,一到六09:30-22:00,無特定,tp
5901150682,加赫藥局,"一到六0830-2200 日0900-2100",無特定,tp
5901150762,麗森藥局,09:00-22:00,9:30:00,tp
5901150771,天母大和藥師藥局,一到六09:30-21:30,9:30:00,tp
5901150815,陽明藥局,1030-2130,無特定,tp
5901151956,康鈺藥局,一到六09:00-22:00,無特定,tp
5901152024,今欣藥局,10:00-21:00(周日休息),持續連繫中,tp
5901152051,士新藥局,持續連繫中,持續連繫中,tp
5901152079,資生堂藥局,09:30-22:30(周日休息),持續連繫中,tp
5901152122,社子全民藥局,"08:30-12:30、14:30-18:30(周 日休息)",持續連繫中,tp
5901152131,康華藥局,持續連繫中,持續連繫中,tp
5901152186,詠恩藥局,持續連繫中,持續連繫中,tp
5901152293,安泰藥師藥局,09:30-22:30,15:00開始發號碼牌，18:00開始販售,tp
5901152453,家赫藥局,09:00-22:30(週日13:30-22:30),09:00開始發號碼牌,tp
5901152471,得安藥局,持續連繫中,持續連繫中,tp
5901152604,達揚藥局,08:30-23:00,12:30開始,tp
5901152640,仁大藥局,持續連繫中,持續連繫中,tp
5901152659,和樹藥局,09:30-22:00(周日休息),無特定,tp
5901152686,三光藥局,09:00-22:00,無特定,tp
5901152720,博信藥局,09:00-22:00(周日休息),無特定,tp
5901152739,芳圓藥局,持續連繫中,持續連繫中,tp
5901152748,柏雅大藥局,10:00-22:30,10:30開始,tp
5901152793,信光藥局,"禮拜一到六9:00-21:30、禮拜日 10:00-20:30",無特定,tp
5901152837,文昌大藥局,"禮拜一到五8:30-22:30、假日 8:30-22:30",無特定,tp
5901152873,幸福藥局,8:00-23:00,14:00開始發號碼牌,tp
5901152882,天爵藥局,"禮拜一到五9:00-21:00、禮拜六 9:00-12:00、禮拜日休息",無特定,tp
5901152971,石川藥師藥局,"禮拜一到六9:00-22:00、禮拜日 休息",9:00開始,tp
5901153058,誼安藥局,8:30-12:00、14:30-21:00,17:00開始,tp
5901153101,聖賢藥局,"禮拜一到五8:30-22:00、禮拜六 9:00-18:00、禮拜日休息",無特定,tp
5901153110,美麗田藥局,9:00-22:00,10:00開始,tp
5901153245,大東健保藥局,"禮拜一到五9:00-20:00、假日 9:00-18:00",9:00始發號碼牌,tp
5901153263,健揚藥局,9:00-23:00,12:30始發號碼牌,tp
5901153272,光榮藥局,"禮拜一到六9:00-22:00、禮拜日 18:00-22:00",無特定,tp
5901153325,天母康甯健保藥局,9:30-22:00、禮拜日休息,15:00始發號碼牌,tp
5901153405,社正藥局,9:00-21:00、六日不營業,無特定,tp
5901153432,大南春天生活藥局,8:30-22:30,15:30始發號碼牌,tp
5901153496,躍獅忠誠藥局,9:00-22:00,9:00開始,tp
5901153503,祥新藥局,"8:30-12:00、15:00-18:00、 18:30-21:30",15:00開始發號碼牌,tp
5901153521,天母臺安藥局,8:00-24:00,11:00開始發號碼牌,tp
5901153567,華齡春天生活藥局,8:30-22:20,15:30開始,tp
5901153585,德行春天生活藥局,持續連繫中,持續連繫中,tp
5901153610,家安健保藥局,9:00-22:30,9:00開始發號碼牌,tp
5901153656,德行盛康藥局,9:00-22:00,9:30開始,tp
5901153665,康佑藥局,8:30-21:50,15:30開始,tp
5901153674,愛佳藥局,8:00-21:30,16:00開始,tp
5901153683,安奕藥局,9:00-21:00,9:30始發號碼牌,tp
5901153709,全予藥局,持續連繫中,持續連繫中,tp
5901153727,前港盛康藥局,9:00-22:00,14:00始發號碼牌,tp
5901153745,藥本家藥局,10:00-21:00,13:00始,tp
5901153790,天母盛康藥局,持續連繫中,持續連繫中,tp
5901153807,中山盛康藥局,9:00-22:00,9:00始發號碼牌,tp
5901153816,士東臺安藥局,08:00-24:00,11:00發放號碼牌，11:30開始販售,tp
5901153825,太和堂中西藥局,08:30-22:30，週日休息,08:30開始發放號碼牌,tp
5901153852,躍獅芝山藥局,10:00-22:30,14:00進貨開始販售,tp
5901153861,佩佩藥局,"星期一~五08:30-12:00、15:00- 21:00，星期六08:30-12:00、 14:00-17:00，週日休息",無特定,tp
5901153870,容育藥局,08:30-21:30，週日休息,08:30開始發放號碼牌,tp
5901153889,新光維康藥局,"星期一~五09:00-21:00，星期六 09:00-18:00，週日公休",09:00開始發放號碼牌,tp
5901160044,石牌藥局,09:00-23:00，週日休息,09:00開始發放號碼牌,tp
5901160053,天蓮藥局,"週一~五、日09:00-12:00、 15:00-21:00，疫情期間週六有 營業","09:00開始販售，一般民眾排隊購買，醫療人員及慢性病患至 另一櫃檯優先販售",tp
5901160062,丸三大藥局,"一-六 08:30-22:00 週日公休","14:00發號碼牌，按照號碼牌發完為止 (發放時間14:00-16:00)",tp
5901160099,進春藥局,08:30-22:00,14:00發號碼牌，按照號碼牌發完為止,tp
5901160142,德昇藥局,"09:00-22:00 週日公休",15:00發號碼牌，按照號碼牌發售完為止,tp
5901160197,川秀藥局,"平日09:00-22:00 假日11:00-22:00",15:00發號碼牌，按照號碼牌售完為止,tp
5901160222,新祥藥局,09:30-22:30,13:00發號碼牌，按照號碼牌發售完為止,tp
5901160277,建民藥局,"一-六10:00-21:00 週日公休",發號碼牌售完為止，今日11:30售完,tp
5901160286,昌源藥局,"一-六10:00-21:00 週日公休",發號碼牌售完為止,tp
5901160320,益元藥局,09:00-22:00,排隊販售，售完為止,tp
5901160400,世全藥局,持續連繫中,持續連繫中,tp
5901160428,九福藥局,"一-六 09:00-22:00 週日公休",13:00-15:00,tp
5901160517,弘安藥局,"一-六 09:30-21:30 週日公休",13:00發號碼牌，按照號碼牌售完為止,tp
5901160544,黎明藥局,"一-六 09:30-12:30，16:00- 21:00 \n 週日公休",08:30發號碼牌,tp
5901160562,名山藥局,"一-六 09:00-12:30，14:30- 21:30 \n 週日及假日公休",09:00發號碼牌在營業時間內販售,tp
5901160704,明華藥局,"一-五 09:00-22:00 六 09:00-18:00 週日 09:00-12:00",中午12:30發號碼牌在營業時間內販售,tp
5901160802,美康藥局,"一-六 10:30-22:00 週日公休",11:30領號碼牌在營業時間內販售,tp
5901161890,良興藥局,持續連繫中,持續連繫中,tp
5901161934,康揚藥局,"每日 08:30-22:30 無公休",14:30發放號碼牌及口罩,tp
5901161961,聯合藥局,持續連繫中,持續連繫中,tp
5901161998,玉山藥局,"每日08:30-12:00、15:00- 1800、18:30-21:30 \n 週六晚及週日下午、晚上休",09:00發放號碼牌及口罩,tp
5901162002,實踐藥局,持續連繫中,持續連繫中,tp
5901162066,嘉禾大藥局,"每日19:00-03:00 無公休",20:00-22:00發上號碼牌及口罩,tp
5901162119,祐鄰藥局,"每日09:30-22:00 無公休",20:00販售口罩,tp
5901162173,小明藥局,"一-六08:00-12:00、15:00- 21:30 \n 週日08:00-12:00",09:00發放號碼牌及口罩,tp
5901162182,祐民藥局,"一-六08:00-22:00 週日09:00-21:00",14:00販售口罩,tp
5901162306,上頤藥局,"一-六 09:00-22:00 週日休",14:00發放號碼牌及口罩,tp
5901162459,國泰藥師藥局,持續連繫中,持續連繫中,tp
5901162477,長宜藥局,"每日09:00-22:00 無公休",09:00直接發放到完,tp
5901162520,妮妮藥局,無提供（平台修正）,"口罩販售時間為星期一到五下午3:30到5:30,售完為止（平台修正）",tp
5901162780,康賢藥局,"一-五 09:00-21:30\n 六 09:00-12:00，14:00-18:00 週日休",13:30-15:30販售口罩,tp
5901162806,大家藥局,"每日 09:00-22:00 無公休",09:00開始販售,tp
5901162815,天康大藥局,"每日 08:30-22:30 無公休",08:30發放號碼牌，14:00販售口罩,tp
5901162833,維康藥局,"每日 08:00-22:00 無公休",09:00發放號碼牌，15:00販售口罩,tp
5901162879,杏嘉藥局,持續連繫中,持續連繫中,tp
5901163027,躍獅光明藥局,"每日9:00-22:00 無公休",每日09:00-22:00,tp
5901163107,小豬藥局,持續連繫中,持續連繫中,tp
5901163152,石牌健康人生藥局,08:00-21:00,"13:50 (發號碼牌)14:00 (販售)",tp
5901163214,鴻恩藥局,"08:30~21:30 週日公休","08:30 (如果插健保卡連線系統當機就發號碼牌)",tp
5901163241,昱仁藥局,持續連繫中,持續連繫中,tp
5901163250,關渡松藥局,"一-六 09:00-22:00\n 這週日 15:00-口罩售完就關 (之後的週日會再調整)","一、二、四、五 09:00 三 19:00 六、日 15:00 (發號碼牌並依序販售)",tp
5901163269,佳祈健保藥局,"一-五 09:30-21:30 六 10:00-21:30 週日不確定","一-五 09:30 (發號碼牌及販售) 六 10:00 (發號碼牌及販售)",tp
5901163296,天禧大藥局,08:30-22:30,"08:30 (發號碼牌) 13:00 (販售)",tp
5901163312,秝安藥局,"09:00-21:00 週日公休",14:00-16:00,tp
5901163330,萬信藥局,08:00-22:00,"08:00 (發號碼牌及販售)",tp
5901163376,北投春天藥局,08:30-22:30,"15:30 (發號碼牌及販售)",tp
5901163394,致遠春天藥局,08:30-22:30,"15:30 (發號碼牌及販售)",tp
5901163410,尊賢藥局,"一-五 09:30-22:30 六 12:00-22:30 週日公休","未發號碼牌 開始營業就販售",tp
5901163429,致遠盛康藥局,09:00-22:00,"14:00 (發號碼牌及販售)",tp
5901163438,漢藥局,"一-六 08:00-21:30 日 08:30-18:30","10:00 (發號碼牌及販售)",tp
5901163465,振生大藥局,08:30-22:00,"08:30 (發號碼牌及販售)",tp
5901163474,怡人藥局,持續連繫中,持續連繫中,tp
5901163483,天富大藥局,08:00-22:00,"14:00 (發號碼牌及販售)",tp
5901163492,全家藥粧藥局,"一-六 08:30-12:00、15:00- 22:00 \n 週日公休","上午100片- 08:30(發號碼牌)、09:00(開始販售領取) 下午100片- 15:30(發號碼牌)、16:00(開始販售領取)",tp
5901163509,吉利春天生活藥局,08:30-22:30,"15:30 (發號碼牌及販售)",tp
5901170022,良美藥局,"一-六08:30-22:00 中午12:00-14:00休息","10:00-12:00發號碼牌 賣完為止",tp
5901170040,惠群藥局,"一-五 09:00-18:30 週六、日 公休","一-五12:30-15:00 週六、日 公休",tp
5901170059,必欣藥局,一-日09:00-23:30,"09:00開始發號碼牌 12:00開始販售",tp
5901170139,福華藥局,09:00-21:00,"14:00-21:00 發號碼牌",tp
5901170184,臺陽藥局,0730-22:30,07:30-22:30,tp
5901170255,松隆藥局,"09:30-13:00，13:30- 10:30","09:30-13:00、13:30- 10:30",tp
5901170264,杏康藥局,"一-五 09:30-20:30 六 09:30-17:30 週日公休","10:00-20:30 發號碼牌及販售",tp
5901170335,慧生藥局,"09:30-21:30 週日公休",09:30-21:30,tp
5901170399,文豐藥局,"09:00-13:00，16:30-22:00 週六、日公休","09:00-13:00\n 16:30-22:00 發號碼牌及販售",tp
5901170406,鼎泰藥局,"09:30-21:30 週六、日公休","09:30-21:30 發號碼牌及販售",tp
5901170433,松山大藥局,"09:30-22:00 週日公休","09:30-22:00 發號碼牌及販售",tp
5901170442,大順安藥局,"09:00-21:30 週日公休","09:30-21:30 發號碼牌及販售",tp
5901170648,立信藥局,09:00-22:00,"10:00-22:00 發號碼牌及販售",tp
5901170906,吳興藥局,"09:00-22:30 週日公休","14:30-21:30 發號碼牌及販售",tp
5901170915,杏仁藥局,持續連繫中,持續連繫中,tp
5901172071,百康藥局,"一-五 08:30-22:00 六 0830-18:30\n 日 09:30-18:00",早上09:00開始賣完為止,tp
5901172160,佑華藥局,"一、五 13:00-17:00、18:30- 21:00 \n 二、三、四 09:00-12:00、 13:00-17:00 \n 週六、日 公休",無特定,tp
5901172179,新和平藥局,"一-五 09:00-12:00、14:30- 21:30 \n 六 09:00-12:00、14:30-19:00 週日公休",09:00(依實際情況調整),tp
5901172197,得揚藥局,持續連繫中,持續連繫中,tp
5901172213,華泰藥局,"一-六 09:00-22:00 日 09:00-12:00","14:00 (依實際情況再更改)",tp
5901172240,德康大藥局,08:00-23:30,08:00(發號碼牌)、12:00(開始販售),tp
5901172268,皇佳大藥局,08:00-24:00,08:00(發號碼牌),tp
5901172508,好康藥局,"10:00-22:00 週日公休","12:00(發號碼牌) 每天不一定 看配送時間",tp
5901172544,麗中藥局,"一-五 08:30-22:300 六、日 08:30-19:00","08:30(發號碼牌) 結束營業前 憑號碼牌領",tp
5901172580,文興藥局,"一-六 10:00-22:30 週日公休","14:00-15:00 、21:00-22:00",tp
5901172651,康杏藥局,持續連繫中,持續連繫中,tp
5901172688,昆陽藥局,持續連繫中,持續連繫中,tp
5901172697,綠杏大藥局,"一-五 09:00-22:00 六 09:00-17:00 週日公休",14:00:00,tp
5901172704,鴻濟藥局,09:30-22:00,14:00(發號碼牌及販售),tp
5901172740,信桉藥局,"一-五 09:00-22:00 六 09:00- 17:00 \n 週日公休","一-五 14:00-16:00 、六 10:00-12:00",tp
5901172786,安佑藥局,09:30-22:30,14:00-16:00(發號碼牌及販售),tp
5901172820,安心藥局,09:00-22:00,13:00-15:00,tp
5901172839,九州藥局,"一-六 09:00-22:00 週日公休","09:00 (發號碼牌及販售)",tp
5901172857,永吉藥局,年假休到2/8,,tp
5901172924,松仁藥局,"一-五 08:30-22:00 六、日 09:00-22:00",15:00:00,tp
5901172933,喜樂藥局,"一-五 09:00-22:00 六 09:00-18:00 週日公休",09:30(發號碼牌)、22:00前憑號碼牌領,tp
5901172964,榮泰藥局,"一-六 09:00-22:00 週日公休","09:30(發號碼牌) 、13:00(販售)",tp
5901173041,皇昇大藥局,"一-六 09:00-22:00 日 10:00-21:00",12:50(發號碼牌)、13:00-15:00(販售),tp
5901173050,貴臨藥局,"一-六 09:00-22:00 週日公休",09:00(發號碼牌)、22:00前憑號碼牌領,tp
5901173201,大鳥藥局,持續連繫中,持續連繫中,tp
5901173210,濟生中西藥局,持續連繫中,持續連繫中,tp
5901173238,正和藥局,"一-六 09:00-22:00 日 10:00-22:00",14:00:00,tp
5901173283,上禾藥師藥局,08:00-24:00,"09:00(發號碼牌) 、14:00-22:00前販售",tp
5901173292,荐荃藥師藥局,09:00-22:00,09:00(發號碼牌)、14:30-16:30販售,tp
5901173372,新永春藥局,"09:00-22:30 (這週日到15:00)","13:45(發號碼牌) 14:00(明天後再公布正式時間)",tp
5901173390,馨馨藥局,08:00-22:00,"08:30(發號碼牌)、22:00 前憑號碼牌販售",tp
5901173407,康怡健保藥局,08:30-24:00,14:00(發號碼牌)-18:00,tp
5901173498,御安藥局,"一-五 09:00-23:00 六日 10:00-23:00",13:00-15:00,tp
5901173587,新興健保藥局,09:00-22:00,"09:00(發號碼牌)、14:00 (販售)",tp
5901173603,松德盛康藥局,09:00-22:00,"09:00(發號碼牌)、10:00 販售",tp
5901173658,杏一永春藥局,08:00-21:00,"每天更新於店門口 現場排",tp
5901173676,杏一光復藥局,09:00-22:00,"16:00 (發號碼牌)、20:00-21:00 (販售)",tp
5901173685,富熙仁康藥局,"週一至週六09:00-22:00、週日 休",09:00至售完為止,tp
5901173694,洪暘藥局,09:30-22:30,12:30至售完為止,tp
5901173701,壹間藥師藥局,"週一至週六10:00-22:00、週日 12:00-20:00",開始營業至售完為止,tp
5901173710,專品光復藥局,"週一至週五8:30-21:30、週六日 12:00-21:00",15:00至售完為止,tp
5901173729,康健信安藥局,"週一、三08:30-21:00、週二、 五08:30-18:00、 \n 週四14:30-21:00、週六08:30- 12:00、週日休",開始營業至售完為止,tp
5901173738,尚頤中西藥局,"週一至週五11:00-21:00、週六 日15:00-20:00",開始營業至售完為止,tp
5901173756,信義盛康藥局,09:00-22:00,09:00至售完為止,tp
5901173765,上好藥師藥局,週一至週六9:00-22:00、週日休,09:00至售完為止,tp
5901173774,立赫北醫藥局,"週一至週六9:30-21:30、週日 11:00-19:00",09:30至售完為止,tp
5901173783,北一健康人生藥局,9:00-22:30,14:00至售完為止,tp
5901173792,柏愛藥局,週一至週六9:00-22:00、週日休,分2次販售(15:00、19:00)至售完為止,tp
5901173809,愛維喜藥局,持續連繫中,持續連繫中,tp
5901173818,博亞藥局,"週一至週五8:30-21:30、週六 8:30-18:00、週日8:30-21:30",分2次販售(8:30、19:30)至售完為止,tp
5901173827,松美藥局,"週一至週四8:30-21:30、週五 8:30-17:30、週六8:30-12:30、 週日休",09:00至售完為止,tp
5901180037,崇信藥局,週一至週六8:30-22:30、週日休,09:00至售完為止,tp
5901180055,日生大藥局,09:00-21:00、週日休,14:00-16:00至售完為止,tp
5901180108,三元藥局,"09:00–12:00 15:00–18:00 18:30–21:00",09:00至售完為止,tp
5901180126,民生藥局,"週一至週五09:00-12:00、 13:30-21:00、週六日採彈性休 假",09:00至售完為止,tp
5901180162,濟仁藥局,持續連繫中,持續連繫中,tp
5901180206,大安藥局,"週一至週五9:00-22:00、週六日 採彈性休",分2次眅售(10:00、14:00)至售完為止,tp
5901180215,上海聯合藥局,9:00-21:00,9:00至售完為止,tp
5901180224,中心藥局,9:00-22:00,14:00-16:00售完為止,tp
5901180304,祥全藥局,持續連繫中,持續連繫中,tp
5901180322,南昌大藥局,8:30-22:00,14:00-16:00售完為止,tp
5901180368,古亭藥局,9:30-21:30,9:30至售完為止,tp
5901182031,新獻安藥局,8:00-22:00,15:00-18:00售完為止,tp
5901182068,永興藥局,9:00-22:00,9:00至售完為止,tp
5901182086,國杏藥師示範藥局,10:00-22:00,10:00發號碼牌，17:00開始販售,tp
5901182111,東華藥局,9:00-22:00,14:00至售完為止,tp
5901182219,連雲藥局,9:00-21:30、週日晚上休息,9:00至售完為止,tp
5901182228,合泰大藥局,9:00-22:00,9:00至售完為止,tp
5901182255,全民藥局,"8:30-12:00、14:00-17:00、週 日休息",14:00-16:00售完為止,tp
5901183323,和平藥局,8:00-19:00,19:00至售完為止,tp
5901183387,丞良藥局,9:30-12:30、16:00-21:30,9:30至售完為止,tp
5901183396,慶安藥局,持續連繫中,持續連繫中,tp
5901183510,怡誠藥局,"8:30-11:30、4:30-17:00、 18:30-1:00",15:00-17:00售完為止,tp
5901183529,達昌藥局,9:00-22:00,14:30-17:00售完為止,tp
5901183645,大愛生活藥局,11:00-23:00,11:00至售完為止,tp
5901183672,博昇藥局,8:00-24:00,9:00至售完為止,tp
5901183716,臺醫藥局,"9:30-19:00、週六9:30-12:00、 週日休息",9:30至售完為止,tp
5901183789,佑康大藥局,9:00-22:00,"13:00 50個號碼牌 19:00 50個號碼牌",tp
5901183798,佳和藥局,"週一至週六 8:30-22:00",14:30-16:30售完為止,tp
5901183823,南昌健康人生藥局,9:00-21:30,14:00至售完為止,tp
5901183887,中英大藥局,"一至六 9:00-20:00","10:00 發100號碼牌 12:00 開始販售",tp
5901183896,琪基藥局,"一至六 9:00-22:00",13:00至售完為止,tp
5901183985,正康藥局,9:00-22:00,14:30至售完為止,tp
5901184062,建祥武昌藥局,"週一至週五9:30-22:00、週六日 10:00-22:00","週一至週五9:45至售完為止、週六日 10:15至售完為止 ※星期日會視人手情況可能不賣",tp
5901184071,進達健保藥局,"週一至週六9:00-22:00、週日 9:00-12:00",9:00至售完為止,tp
5901184080,活力健康藥妝藥局,9:00-23:00,15:30至售完為止,tp
5901184106,信康藥局,"週一至週六9:00-22:00、週日 9:00-19:00",14:30至售完為止,tp
5901184142,新三醫藥局,"週一至週五9:30-18:00、週六日 休",14:00-16:00售完為止,tp
5901184179,保德中華藥局,9:00-22:30,14:00至售完為止,tp
5901184213,71恩典藥局,"週一至週五10:00-21:00、週六 10:00-18:00、週日休","週一至週五20:00至售完為止、週六 17:00至售完為止",tp
5901184222,豐仁藥局,"週一至週六 9:00-22:00、週日 17:00-22:00","15:00發100號碼牌、17:30發100號碼牌，發完後請民眾半小 時至1小時後領",tp
5901184240,立赫健保藥局,10:00-22:00,"10:00發100號碼牌、14:30-16:30 販售",tp
5901184259,汀州健康人生藥局,10:00-22:30,15:30至售完為止,tp
5901184366,宏越藥局,9:00-23:00,15:30至售完為止,tp
5901184375,大盛藥局,"週一至週五9:00-18:00、週六 9:00-12:00、週日休",9:00發100號碼牌，當天都可販售,tp
5901184437,安藤健保調劑藥局,週一至週六10:00-21:00,"17:00-19:00至售完為止 (暫定，視情況調整)",tp
5901184446,北車維康藥局,9:00-20:00,10:30發100號碼牌、11:00開始領取,tp
5901184455,躍獅南寧藥局,09:00-22:00,10:00發號碼牌,tp
5901184464,和眾藥局,"週一至週五08:00-20:00、週 六、日09:00-21:00",開始營業至售完為止,tp
5901184473,中力藥局,"週一至週五08:00-20:00、週 六、日09:00-18:00",13:00-14:00售完為止,tp
5901184491,躍獅南門藥局,09:00-22:00,13:00-22:00售完為止,tp
5901184508,康呈安藥局,09:00-22:30,09:30發號碼牌,tp
5901184517,躍獅東門藥局,09:00-21:30,09:00發號碼牌,tp
5901184535,桐心藥局,08:30-22:00、每週二公休,08:30至售完為止,tp
5901190024,長泰藥局,09:00-22:00,09:00至售完為止,tp
5901190033,世欣藥局,"週一至週五16:00-18:00、週六 10:00-12:00、週日公休",14:00-16:00售完為止,tp
5901190042,裕和藥局,"09:00-12:00、15:00-21:30、週 六09:00-12:00、週日公休",11:00至售完為止,tp
5901190060,秀全藥局,11:00-23:00、週日公休,11:00至售完為止,tp
5901190079,建和藥局,09:00-21:00,09:00:00至售完為止,tp
5901190104,大嘉藥局,14:00-23:00、週日公休,14:00-23:00至售完為止,tp
5901190122,老永茂大藥局,(系統問題排除中),(系統問題排除中),tp
5901190177,信昌藥局,09:00-21:00,12:30領號碼牌、16:00-20:00領口罩,tp
5901190211,民和藥局,08:30-22:00、週日公休,08:30至售完為止,tp
5901190220,生活大藥局,09:30-22:00每週日公休,09:30至售完為止,tp
5901190284,民鈺藥局,"09:00-22:30、週六日09:00- 17:00",09:00至售完為止,tp
5901190408,您永安藥局,10:30-23:00,11:00至售完為止,tp
5901190426,皇祥藥局,08:30-21:30,11:00至售完為止,tp
5901190444,安聖藥局,9:00-22:00、週六9:00-18:30,13:30至售完為止,tp
5901190515,日昇藥局,10:30-23:00,16:00至售完為止,tp
5901190668,聯慶大藥局,"上午週一至週六8:30-12:00，下 午週一15:30-18:00、週二至週 六機動",8:30領號碼牌,tp
5901190686,信義藥局,"週一至週五09:00-22:00 (13:00-15:00休息) 、週六日休",15:00至售完為止,tp
5901190695,益源藥局,09:00-21:00,08:30領號碼牌、09:00領口罩,tp
5901190784,欣安藥局,09:00-23:00,09:00領號碼牌、13:00領口罩,tp
5901192064,三源藥局,08:00-21:00、週日08:00-18:00,14:00至售完為止、週日無,tp
5901192126,恩達藥局,"10:00-21:00、週六 10:00- 14:00、週日 休息",13:00至售完為止,tp
5901192144,健華藥局,08:00-22:00,14:00-16:00售完為止,tp
5901192153,永康大藥局,"08:00-22:00、週日 09:00- 21:00",15:00至售完為止,tp
5901192162,寶興大藥局,"08:30-21:30 (假日只有早上)",12:00領號碼牌,tp
5901192180,康之友藥局,08:30-22:30,08:30顉號碼牌、14:00領口罩,tp
5901192233,仁仁藥局,08:30-22:00,08:30領號碼牌,tp
5901192448,健誠大藥局,"09:00-21:50(日 不一定)",09:00至售完為止,tp
5901192546,躍獅西園藥局,09:00-22:00,14:00至售完為止,tp
5901192653,吉安藥局,持續連繫中,持續連繫中,tp
5901192751,好視多藥局,"週四09:00-12:00、18:00-21:30 ，其餘 09:00-12:00、15:30- 21:30，週日 不營業",18:00至售完為止,tp
5901192822,專品藥局,09:00-22:00,15:00至售完為止,tp
5901192831,偉安藥局,"早上配合診所，下午13:30- 17:00",13:30-17:00售完為止,tp
5901192877,瑞生藥局,"週一至週六08:30-21:30、週日 08:30- 20:00",14:00至售完為止,tp
5901192975,萬華藥局,"09:00-22:00 無休",19:30至售完為止,tp
5901192993,萬華健業藥局,"09:00-11:00 無休","09:00拿號碼牌 14:00-16:00開始賣",tp
5901193025,華達藥局,"09:30-21:00 星期日休",14:00至售完為止,tp
5901193070,榮勝藥局,持續連繫中,持續連繫中,tp
5901193105,安誠貴陽藥局,"平日:08:30-21:30 六日:09:00-21:00",08:30開始發號碼牌、10:00領取口罩,tp
5901193123,千誠北護藥局,"平日:08:30-21:30 假日:09:00-21:00",開始營業至售完為止,tp
5901193132,松本藥局,"09:30-12:00/13:30-21:30 週日休",09:30-12:00售完為止,tp
5901193150,日森人文藥局,"09:00-22:30 無休",11:00至售完為止,tp
5901193169,柏祥藥局,"09:00-21:30 週日休",09:00至售完為止,tp
5901193178,展源健康藥局,"09:00-21:00 星期六09:00-18:00 星期日休",12:30至售完為止,tp
5901193187,富安藥局,"08:30-22:30 無休",10:00至售完為止,tp
5901193196,青年宏越藥局,"08:30-22:30 無休",15:30至售完為止,tp
5901193230,啟仁藥局,"平日09:00-22:00 假日10.11:00-19.20:00",14:00至售完為止,tp
5901193249,光華藥局,持續連繫中,持續連繫中,tp
5901200070,裕康藥局,"10:00-21:30 休息時間不一定",10:00至售完為止,tp
5901200105,建興藥局,09:00-20:00無休,09:00發號碼牌,tp
5901200114,健群藥局,"週一至週六08:00-22:00、週日 08:00-12:00",08:00發號碼牌,tp
5901200123,瑞安藥局,"08:30-22:00 星期日休息時間不一定",09:00至售完為止,tp
5901200141,景美藥局,08:30-22:30無休,09:30發號碼牌、15:00開始販售口罩,tp
5901200187,全銨藥局,持續連繫中,持續連繫中,tp
5901200490,永明大藥局,"週一至週六09:00-20:30、週日 09:00-12:00",14:00至售完為止,tp
5901200534,日信專業藥局,"週一至週六08:00-20:00、週日 休",持續連繫中,tp
5901201540,逸仙藥師藥局,持續連繫中,持續連繫中,tp
5901201568,康宜庭生活藥局,08:30-22:30,14:30至售完為止,tp
5901201675,博揚藥局,持續連繫中,持續連繫中,tp
5901201728,東京晟藥局,"週一至週六09:00-23:00、週日 18:00-23:00",週一至週六9:00至售完為止、週日18:00至售完為止,tp
5901201746,仙瑩藥局,"週一至週六09:30-21:00、週日 09:30-13:00",09:40至售完為止,tp
5901201755,銘依藥局,"週一至週五08:30-12:00、 16:00-18:00、週六日18:30- 21:00",16:00-18:00售完為止,tp
5901201826,舒博威藥局,持續連繫中,持續連繫中,tp
5901201835,巧康藥局,"週一至週五09:00-22:00、週六 日09:00-21:00",15:00至售完為止,tp
5901201871,佳醫景美藥局,"週一至週五08:00-22:00、週六 日 09:00-22:00",開始營業至售完為止,tp
5901201951,慶豐好藥局,持續連繫中,持續連繫中,tp
5901202047,華君藥局,"週一至週五09:00-22:00、週六 日09:00-22:00",12:00領號碼牌,tp
5901202154,安誠藥局,"週一至週六08:00-12:00、 15:30-21:30、週日休",開始營業至售完為止,tp
5901202216,皇興藥師藥局,"週一至週五9:00-21:00、週六 9:00-15:00、週日休",09:00至售完為止,tp
5901202396,宇康藥局,"一~六10-19 日休假",10:00至售完為止,tp
5901202583,康宜庭景文藥局,一~日0830-2230,14:30至售完為止,tp
5901202592,人人健保藥局,"一~五0800-2100 六0800-1800 日休假",08:00至售完為止,tp
5901202627,杏隆藥局,持續連繫中,持續連繫中,tp
5901202645,永源大藥局,持續連繫中,持續連繫中,tp
5901202654,康宜庭萬隆藥局,08:30-22:30,15:00-17:00售完為止,tp
5901202672,美迦藥局,"週一至週五08:00-21:30、週六 08:00-12:00、14:30-18:00、週 日不營業",09:00至售完為止(有可能更動),tp
5901202681,振大藥局,"週一至週六08:00-22:00、週日 不營業",10:00-12:00售完為止,tp
5901202752,躍獅奕新藥局,09:00-22:00,14:00-16:00、20:00-22:00售完為止,tp
5901202789,宜康藥局,"週一至週五08:30-21:30、週 六、日08:30-17:00","週一至週五10:30至售完為止、週六不販售、週日11:00至售 完為止",tp
5901202841,欣安景美藥局,09:00-23:00,"14:00-16:00售完為止 (有可能更動為09:00至售完為止)",tp
5901202850,北一藥師藥局,09:30-22:00,第一批15:00至售完為止、第二批20:00至售完為止,tp
5901202949,萬隆大藥局,09:00-23:00(一到日),14:00-16:00售完為止,tp
5901202958,杏一萬安藥局,09:00-22:00(一到日),14:30至售完為止,tp
5901202976,健康家藥局,"08:30-22:00(一到五) 09:00- 21:00(六日)",13:00至售完為止,tp
5901202994,躍獅永健藥局,08:30-22:00(一到日),"15:00-17:00售完為止 (有可能更動)",tp
5901203026,健康人生藥局,09:00-22:30(一到日),14:30至售完為止,tp
5901203044,木新健康人生藥局,09:30-22:00(一到日),13:30至售完為止,tp
5901203062,大樹文山藥局,09:00-22:00(一到日),19:30至售完為止,tp
5901203071,景華盛康藥局,09:00-22:00(一到日),09:00至售完為止,tp
5901203080,杏一木柵藥局,09:00-22:00(一到日),"15:30-售完 (有可能更動)",tp
5901203106,光明大藥局,"09:00-22:00(一到六) 日不營業",14:30-售完,tp
5901203124,福興藥局,09:30-22:00(一到六),09:30-售完,tp
5901203160,路加健康藥局,"08:30-21:00(一到六) 日不營業","08:00發號碼牌 09:00刷卡-售完",tp
5901203179,健安藥局,"08:30-21:30(一到六) 日不營業","14:00至售完為止 (有可能更動)",tp
5901203188,逸全生活藥局,09:00-22:00(無休),13:00至售完為止,tp
5901203204,躍獅新芳藥局,09:00-22:00(無休),15:00至售完為止,tp
5901203213,綠杏萬芳藥局,"週一至週五08:30–22:00、週六 8:30–16:30、週日休息",14:00至售完為止,tp
5901203222,躍獅景新藥局,09:00-22:00(無休),14:00至售完為止,tp
5901203240,大愛幸福藥局,08:45-23:15(無休),13:50至售完為止,tp
5901203259,杏一萬芳藥局,08:00-22:00(無休),11:00至售完為止,tp
5901203268,躍獅木柵藥局,08:30~22:00(無休),15:00至售完為止,tp
5901203277,大樹景美藥局,09:30-22:30(無休),19:30至售完為止,tp
5901203286,康宜庭興隆藥局,09:30-22:30(無休),15:00至售完為止,tp
5901203295,專品政大藥局,09:00-22:00(無休),15:00至售完為止,tp
5901203302,大樹木柵藥局,09:00-22:00(無休),19:30至售完為止,tp
5912010224,信芳藥局,,1500開賣,hsinchu_city
5912010331,大家藥局,,0900開賣,hsinchu_city
5912010484,聖心藥局,,0800開賣,hsinchu_city
5912010528,華安中西藥局,,0830開賣,hsinchu_city
5912010779,誠真藥局,,1300開賣,hsinchu_city
5912011865,長青藥師藥局,,0900開賣,hsinchu_city
5912012059,幼安藥局,,0800開賣,hsinchu_city
5912012120,仁美藥局,,0800開賣,hsinchu_city
5912012139,康博中西藥局,,0930開賣,hsinchu_city
5912012157,東海藥局,,0900開賣,hsinchu_city
5912012291,中央藥局,,0800開賣,hsinchu_city
5912012406,淯祐藥局,,1330開賣,hsinchu_city
5912012433,安安大藥局,,1300開賣,hsinchu_city
5912012620,新康藥局,,1200開賣,hsinchu_city
5912012666,國豐大藥局,,1000開賣,hsinchu_city
5912012737,婷婷藥局,,0800開賣,hsinchu_city
5912012773,博弘藥局,,0800開賣,hsinchu_city
5912012862,佑信大藥局,,0820開賣,hsinchu_city
5912012924,金佑信藥局,,0830開賣,hsinchu_city
5912012933,新芳鄰藥局,,0800開賣,hsinchu_city
5912012942,澄清藥局,,1300開賣,hsinchu_city
5912012979,哈佛藥局,,0800開賣,hsinchu_city
5912012988,杏康健保特約藥局,,0920開賣,hsinchu_city
5912013083,健康小熊藥局,,1800開賣,hsinchu_city
5912013118,合康連鎖藥局食品店,,0900開賣,hsinchu_city
5912013181,得安專業藥師藥局,,1000開賣,hsinchu_city
5912013207,明湖健保藥局,,0900開賣,hsinchu_city
5912013216,宏禎藥局,,1500開賣,hsinchu_city
5912013234,城佑藥局,,1300開賣,hsinchu_city
5912013243,合康連鎖藥局光復店,,0900開賣,hsinchu_city
5912013261,禾心藥局,,0800開賣,hsinchu_city
5912013305,合康連鎖藥局,,0900開賣,hsinchu_city
5912013378,關東藥局,,1900開賣,hsinchu_city
5912013396,小樹藥局,,1000開賣,hsinchu_city
5912013421,上允藥局,,0800開賣,hsinchu_city
5912040106,永富大藥局,,0830開賣,hsinchu_city
5912040197,芳鄰藥局,,0800開賣,hsinchu_city
5912040222,保健藥局,,0900開賣,hsinchu_city
5912040491,全禾藥局,,2000開賣,hsinchu_city
5912041685,德育藥局,,0900開賣,hsinchu_city
5912041809,家庭藥局,,0900開賣,hsinchu_city
5912041827,正大藥局,,0900開賣,hsinchu_city
5912041952,台安藥局,,0800開賣,hsinchu_city
5912042098,欣欣藥局,,1000開賣,hsinchu_city
5912042155,長福藥局,,0800開賣,hsinchu_city
5912042173,保安藥局,,0800開賣,hsinchu_city
5912042208,芳里藥局,,0800開賣,hsinchu_city
5912042217,康立藥局,,1400開賣,hsinchu_city
5912042235,均祐健康藥局,,0900開賣,hsinchu_city
5912042306,好一生藥局,,0800開賣,hsinchu_city
5912042422,幼能健保藥局,,1400開賣,hsinchu_city
5912042495,吉康藥局,,1200開賣,hsinchu_city
5912042593,合康連鎖藥局湳雅店,,0900開賣,hsinchu_city
5912042637,中福藥局,,0900開賣,hsinchu_city
5912042673,仁佑藥局,,0830開賣,hsinchu_city
5912042691,合康連鎖藥局林森店,,0900開賣,hsinchu_city
5912042717,好鄰居健保藥局,,0900開賣,hsinchu_city
5912042726,仁星藥局,,1230開賣,hsinchu_city
5912042735,新竹北門藥局,,1900開賣,hsinchu_city
5912042744,立新藥師藥局,,1400開賣,hsinchu_city
5912042762,大樹新竹藥局,,1900開賣,hsinchu_city
5912050040,速安藥局,,0800開賣,hsinchu_city
5912051092,新祥發大藥局,,0930開賣,hsinchu_city
5912051216,健安藥局,,0830開賣,hsinchu_city
5912051350,高晟藥師藥局,,1400開賣,hsinchu_city
5912051396,健佑藥局,,1500開賣,hsinchu_city
5912051403,香山丁丁藥局,,0900開賣,hsinchu_city
5932010019,家佳藥局,週六沒營業，週日沒營業,14:00～16:00,taoyuan
5932010051,昆明藥局,週六有營業，週日有營業,11:00~,taoyuan
5932010202,安琪兒藥局,週六有營業，週日沒營業,週一~週六14:30~售完為止,taoyuan
5932010328,七加恩聯合藥局,週六有營業，週日沒營業,8:40-12:00,taoyuan
5932010337,明欣藥局,週六有營業，週日有營業,（一～六）15:00～17:00，（日）9:00～11:00,taoyuan
5932010408,冠欣藥局,週六有營業，週日沒營業,8:30~12:00,taoyuan
5932010462,禾康藥局,週六有營業，週日沒營業,"am 8:30",taoyuan
5932010560,均康藥局,週六有營業，週日沒營業,8:00-10:00,taoyuan
5932010604,怡合藥局,週六有營業，週日有營業,週一至週日8點,taoyuan
5932010631,新華興清溪藥局,週六有營業，週日有營業,14：30-16:30,taoyuan
5932010659,宏偉藥師藥局,週六有營業，週日沒營業,13:30~,taoyuan
5932010668,世興藥局,週六有營業，週日沒營業,10:00-12:00,taoyuan
5932010702,鴻發藥師藥局,週六有營業，週日有營業,"10:30~11:00 15:30~16:30 20:00~21:00",taoyuan
5932010784,維美藥局,週六有營業，週日沒營業,"9：30-12：30 、 15：00-18：00 、18：30-21：30",taoyuan
5932010793,安泰藥局,週六有營業，週日沒營業,"週1~週5 10:00\n週2 16:00 週六 09:30",taoyuan
5932010855,泓德藥局,週六有營業，週日沒營業,週一至週六8:40~,taoyuan
5932010891,縣府仰望藥局,週六有營業，週日沒營業,9:00:00,taoyuan
5932010908,大愛藥師藥局,週六有營業，週日有營業,14:00:00,taoyuan
5932010917,幸運草健保藥局,週六有營業，週日沒營業,早上0800,taoyuan
5932011058,富仕康藥局,週六有營業，週日有營業,週一至週日19:30起,taoyuan
5932011110,樂安藥局,週六有營業，週日沒營業,10:00-12:00,taoyuan
5932011147,維格藥局,週六有營業，週日沒營業,9:00:00,taoyuan
5932011218,人仁藥局,週六有營業，週日有營業,暫定下午14：00,taoyuan
5932011281,克峰藥局,週六有營業，週日有營業,8:30:00,taoyuan
5932011316,大興藥局,週六有營業，週日有營業,AM:09:30,taoyuan
5932011361,新生藥局,週六有營業，週日沒營業,9時至22時賣完為止,taoyuan
5932011370,家福聯合藥局,週六有營業，週日有營業,周一到周日12:30左右發號碼牌，發完後立刻過卡賣口罩,taoyuan
5932011503,文安藥局,週六有營業，週日有營業,"週一~週日 7:00",taoyuan
5932011512,必安藥局,週六有營業，週日有營業,早上9點至中午12點,taoyuan
5932011576,三芳藥局,週六有營業，週日有營業,平日10點開始，售完即停,taoyuan
5932011585,北醫藥局,週六有營業，週日沒營業,"週一~週六 9:00~10:00",taoyuan
5932011610,郁祥藥局,週六有營業，週日有營業,13:00-14:30,taoyuan
5932011638,明光藥局,週六有營業，週日有營業,10:00~12:00,taoyuan
5932011692,正安藥局,週六有營業，週日有營業,9:30:00,taoyuan
5932011772,中山藥局,週六有營業，週日有營業,早上11點起，賣完為止。,taoyuan
5932011870,永祥大藥局,週六有營業，週日沒營業,週一至週六早上9點,taoyuan
5932011898,健安藥局,週六有營業，週日有營業,9:00:00,taoyuan
5932012108,蘇蔡藥局,週六有營業，週日沒營業,14：00-16：00,taoyuan
5932012359,長鴻藥師藥局,週六有營業，週日有營業,"一到六，早上9:00領號碼卡，10:00~18:00領口罩，週日下午1:00發號碼牌\n，2:00至，18:00領口罩",taoyuan
5932012402,聖昌藥師藥局,週六有營業，週日沒營業,早上9:00發號碼牌,taoyuan
5932012457,禾安連鎖藥局,週六有營業，週日沒營業,"週一~週六 14:00 週日10:00",taoyuan
5932012493,吉生藥局,週六有營業，週日有營業,"週一~週日 10:00~售完為止",taoyuan
5932012546,奇美大藥局,週六有營業，週日有營業,9:00:00,taoyuan
5932012573,悅藥坊人文藥局,週六有營業，週日有營業,"周1~周5:17:00~19:00 六:18:30~20:30 日:7:30~9:30",taoyuan
5932012582,聖元藥局,週六有營業，週日有營業,9:00:00,taoyuan
5932012591,迦南藥局,週六有營業，週日沒營業,8:30-10:30,taoyuan
5932012671,美德藥師藥局,週六有營業，週日沒營業,10:00-13:00,taoyuan
5932012742,益兒康藥局,週六有營業，週日有營業,13：00-16：00,taoyuan
5932012804,桃園南平藥局,週六有營業，週日有營業,19:30:00,taoyuan
5932012813,桃園大興藥局,週六有營業，週日有營業,19:30:00,taoyuan
5932012902,天濟堂藥局,週六有營業，週日有營業,"11：00 & 20：00",taoyuan
5932012911,中平啄木鳥藥局,週六有營業，週日有營業,13:00-15:00,taoyuan
5932012939,安慶盛康藥局,週六有營業，週日有營業,1400-1500,taoyuan
5932013007,南門藥局,週六有營業，週日有營業,週一至週日9點,taoyuan
5932013016,熊寶寶藥局,週六有營業，週日有營業,週一至週日16:00~,taoyuan
5932013034,永明藥師藥局,週六有營業，週日有營業,08:10-10:10,taoyuan
5932013089,力行盛康藥局,週六有營業，週日有營業,下午兩點,taoyuan
5932013114,仁悅藥局,週六有營業，週日沒營業,"9:00收取健保卡 發號碼牌\n12:00領口罩還健保卡",taoyuan
5932013123,桃康藥局,週六有營業，週日有營業,14：00-17：00,taoyuan
5932013169,和信藥師藥局,週六有營業，週日有營業,"10:00-12:00\n若未售完15:00-17:00",taoyuan
5932013196,北桃藥師藥局,週六有營業，週日有營業,9:00:00,taoyuan
5932013203,龍城藥局,週六有營業，週日沒營業,"W1 8:00-10:00 W2-W5 11:00-13:00 W6 8:00-10:00",taoyuan
5932013267,合新藥局,週六有營業，週日沒營業,早上8:40~10:40,taoyuan
5932013285,復興藥局,週六有營業，週日有營業,週一至週六：13：30-14：30、20：00-21：00，週日：15：00-17：00,taoyuan
5932013301,大象健保藥局,週六有營業，週日沒營業,"週一~週六 10:00~售完為止",taoyuan
5932013310,躍獅省桃藥局,週六有營業，週日有營業,9:00:00,taoyuan
5932013338,合豐藥局,週六有營業，週日有營業,"週一~週五 9:00 週六~週日13:00",taoyuan
5932013356,妮妮藥局,週六有營業，週日沒營業,09:30-11:30,taoyuan
5932013365,方一健保藥局,週六有營業，週日沒營業,"週一~週六 15:30~17:30",taoyuan
5932013374,芳鄰藥局,週六有營業，週日有營業,週一到週五：11:00，15:00，20:00。週六週日11:00，20:00,taoyuan
5932013383,多多藥局,週六有營業，週日有營業,12:00:00,taoyuan
5932013392,桃園中正藥局,週六有營業，週日有營業,19:30:00,taoyuan
5932013409,欣立藥局,週六有營業，週日沒營業,中午12點半至下午2點半,taoyuan
5932013418,凱軒藥局,週六有營業，週日沒營業,12:30-13:30，15:30-16:30,taoyuan
5932013427,奧美藥局,週六沒營業，週日沒營業,8:40:00,taoyuan
5932013436,和康藥局,週六有營業，週日沒營業,09:00~,taoyuan
5932013445,乙川藥局,週六有營業，週日有營業,16:00:00,taoyuan
5932013463,惠邁健保藥局,週六有營業，週日有營業,周一到周日都有發,taoyuan
5932013516,三民益康藥局,週六有營業，週日沒營業,"星期一三五  下午2-4點 ，星期二四六 上午8-10點，星期天休息",taoyuan
5932013534,杏昌藥局,週六有營業，週日沒營業,週一至週六9點,taoyuan
5932013589,龍壽大藥局,週六有營業，週日有營業,1400-售完,taoyuan
5932013605,新華興藥局,週六有營業，週日有營業,週一至週日13:30~,taoyuan
5932013614,桃元松藥局,週六沒營業，週日沒營業,14:30~,taoyuan
5932013623,興業盛康藥局,週六有營業，週日有營業,pm1:00～3:00,taoyuan
5932013650,金安藥局,週六有營業，週日有營業,12:30-14:30,taoyuan
5932013687,桃園春日藥局,週六有營業，週日有營業,19:30:00,taoyuan
5932013712,星欣藥局,週六有營業，週日有營業,"8:00發放號碼牌 9:00後開始依卡與號碼領取 至營業時間結束",taoyuan
5932013721,桃園民光藥局,週六有營業，週日有營業,週一至週日19:30起,taoyuan
5932013749,桃園寶山藥局,週六有營業，週日有營業,19:30:00,taoyuan
5932013767,小飛象藥局,週六有營業，週日有營業,"建議購買時段: 08:30-09:50，其他時間以健保業務為優先，至營業結束或售完為止。",taoyuan
5932013785,愛兒康藥局,週六有營業，週日有營業,15:00-17:00,taoyuan
5932013794,春日盛康藥局,週六有營業，週日有營業,14：00-16：00,taoyuan
5932013801,桃園中山藥局,週六有營業，週日有營業,19:30:00,taoyuan
5932013810,大廟藥局,週六有營業，週日有營業,17:00~19:00,taoyuan
5932013856,大滝藥局,週六有營業，週日有營業,19:00-21:00,taoyuan
5932013865,全球龍安藥局,週六有營業，週日有營業,9:00:00,taoyuan
5932013874,經國藥局,週六有營業，週日沒營業,12:00:00,taoyuan
5932013883,桃園大有藥局,週六有營業，週日有營業,14:00:00,taoyuan
5932013892,庭昌藥局,週六有營業，週日有營業,週一至週日9點,taoyuan
5932013909,莊敬長青藥師藥局,週六有營業，週日有營業,14:00-16:00,taoyuan
5932013918,益壽藥局,週六有營業，週日有營業,19:30:00,taoyuan
5932013927,誠信藥局,週六有營業，週日有營業,9:00:00,taoyuan
5932013936,家佳盈中西藥局,週六沒營業，週日沒營業,08:00~10:00,taoyuan
5932013945,驊康藥局,週六有營業，週日有營業,14:00~,taoyuan
5932013954,桃鶯藥局,週六有營業，週日有營業,19:30:00,taoyuan
5932017069,佳赫藥局,週六有營業，週日有營業,09:00-1100,taoyuan
5932017096,榮生藥師藥局,週六有營業，週日沒營業,"早上9點發號碼牌 下午4:00-6:00領口罩",taoyuan
5932017103,立人堂藥局,週六有營業，週日有營業,09:00-11:00,taoyuan
5932017112,全安藥師藥局,週六有營業，週日沒營業,13:00開始發號碼牌。13:30開始販售口罩。,taoyuan
5932017274,同德藥局,週六有營業，週日有營業,早上9點起，賣完為止。,taoyuan
5932017309,達安藥師藥局,週六有營業，週日有營業,9:00:00,taoyuan
5932018520,保安藥師藥局,週六有營業，週日有營業,每天9:00-11:00（售完為止）,taoyuan
5932018539,新永安藥師藥局,週六有營業，週日有營業,週一至週六12:30起、週日9:30起,taoyuan
5932018548,五代全民藥局,週六有營業，週日有營業,8:00:00,taoyuan
5932018593,品一藥局,週六有營業，週日沒營業,9:00~10:00、14:00~15:00、18:00~19:00,taoyuan
5932018628,民富大藥局,週六有營業，週日有營業,週一至週日15:00,taoyuan
5932018664,廣文藥局,週六有營業，週日沒營業,週一至週六9點~,taoyuan
5932018842,宏升藥局,週六有營業，週日沒營業,"週一~週五 10:00~12:00 /週六19:00~21:00",taoyuan
5932018922,聖欣藥局,週六有營業，週日沒營業,週一至週六14:30起,taoyuan
5932018931,滿庭芳藥局,週六有營業，週日沒營業,週一至週六8點~,taoyuan
5932018940,均安藥局,週六有營業，週日沒營業,13:00~售完為止,taoyuan
5932019045,大一藥局,週六有營業，週日沒營業,14:00~16:00,taoyuan
5932019116,慈安藥局,週六有營業，週日沒營業,"8:30~12:00 15:00~18:00 7:00~9:30",taoyuan
5932019143,弘光藥師藥局,週六有營業，週日沒營業,8:30～10:30,taoyuan
5932019152,馨丰藥局,週六有營業，週日沒營業,"2:00~3:00 6:00~7:00",taoyuan
5932019330,同生藥師藥局,週六有營業，週日沒營業,9:00:00,taoyuan
5932019563,親子藥局,週六有營業，週日有營業,一~六9:00/週日早上.晚上,taoyuan
5932019581,莘莘藥局,週六有營業，週日沒營業,"下午2點 到 4點",taoyuan
5932019901,正欣藥局,週六有營業，週日沒營業,"週一 二 三 五 六早上約08:40 週四下午約14:40",taoyuan
5932019929,元氣藥局,週六有營業，週日有營業,"星期一三四六下午三點。\n二五晚上六點半。星期日九點",taoyuan
5932020146,德泰藥局,週六有營業，週日有營業,8:00:00,taoyuan
5932020324,回生藥局,週六有營業，週日有營業,原則上12:00，以藥局當日公告為主,taoyuan
5932020360,日進藥局,週六有營業，週日沒營業,09:30-11:30,taoyuan
5932020459,新元藥局,週六有營業，週日有營業,12:30發號碼牌，13:00-15:00販售,taoyuan
5932020502,禾安藥局,週六有營業，週日沒營業,"08:00發號碼牌 13:00-17:00販售",taoyuan
5932020548,生富藥師藥局,週六有營業，週日有營業,早上7:30後,taoyuan
5932020575,國泰藥局,週六有營業，週日沒營業,"星期一至星期六\n早上7:30開始賣賣完止",taoyuan
5932020691,崧德堂藥局,週六有營業，週日有營業,早上08：00（週日09：00），發放號碼牌,taoyuan
5932020717,成星藥局,週六有營業，週日沒營業,12:30-14:30,taoyuan
5932020753,立昇藥局,週六有營業，週日沒營業,13:30-16:00,taoyuan
5932020940,仁德堂藥局,週六有營業，週日沒營業,早上7點50分,taoyuan
5932021036,廣怡藥局,週六有營業，週日有營業,"開賣時間周一~周六13:30~17:30 、  周日8:30~11:30",taoyuan
5932021045,井田藥局,週六有營業，週日沒營業,等有空閒就賣,taoyuan
5932021090,新生藥師藥局,週六有營業，週日有營業,8:40:00,taoyuan
5932021214,新象藥局,週六有營業，週日有營業,"週一至週六 上午8:00 週日下午15:00",taoyuan
5932021269,優良藥局,週六有營業，週日有營業,9:30至17:00,taoyuan
5932021358,瑞康藥局,週六有營業，週日有營業,08：30前領號碼牌,taoyuan
5932021401,懷仁藥師健保藥局,週六有營業，週日有營業,下午3:00-下午6:00,taoyuan
5932021438,全球永美大藥局,週六有營業，週日有營業,9點,taoyuan
5932021554,領耀大藥局,週六有營業，週日沒營業,早上8:45,taoyuan
5932021643,同慶大藥局,週六有營業，週日有營業,09:00～22:30,taoyuan
5932021670,日光健康藥局,週六有營業，週日有營業,13:30:00,taoyuan
5932021689,立康專業藥局,週六有營業，週日有營業,10:00~12:00,taoyuan
5932021803,好生活藥師藥局,週六有營業，週日有營業,12:00:00,taoyuan
5932021812,慧中健保藥局,週六有營業，週日沒營業,18：00-20：00,taoyuan
5932021821,佳佳藥局,週六有營業，週日沒營業,10:00:00,taoyuan
5932021830,億源藥局,週六有營業，週日有營業,08:30開始，售完為止。,taoyuan
5932021885,誠新藥局,週六有營業，週日有營業,"08:00~12:00 & 14:00~20:00",taoyuan
5932022104,彤顏醫美藥局,週六有營業，週日有營業,12:30-14:30,taoyuan
5932022159,躍獅新明藥局,週六有營業，週日有營業,14:00~,taoyuan
5932022257,星康生活藥局,週六有營業，週日有營業,9:00:00,taoyuan
5932022300,育康藥局,週六有營業，週日有營業,12:30～14:30（售完為止）,taoyuan
5932022319,九禾藥局,週六有營業，週日沒營業,09:00開始，售完為止,taoyuan
5932022346,宜美大藥局,週六有營業，週日有營業,九點,taoyuan
5932022355,新家福藥局,週六有營業，週日有營業,15：00至售完為止,taoyuan
5932022373,得康藥局,週六有營業，週日有營業,09:00~11:00,taoyuan
5932022499,大和藥局,週六有營業，週日有營業,下午13:00發放號碼牌,taoyuan
5932022515,惠博藥師藥局,週六有營業，週日沒營業,12:00:00,taoyuan
5932022524,家佳聯合藥局,週六有營業，週日有營業,08：30-12：00,taoyuan
5932022533,安和藥局,週六有營業，週日沒營業,08:00-12:00,taoyuan
5932022579,東南藥局,週六有營業，週日有營業,10:00-12:00,taoyuan
5932022631,中壢中正藥局,週六有營業，週日有營業,19:30:00,taoyuan
5932022640,博士藥師藥局,週六有營業，週日有營業,14:30-17:30,taoyuan
5932022659,安利藥局,週六有營業，週日有營業,"2/7 9:30開始。自2/8起，18:00開始",taoyuan
5932022668,里安藥局,週六有營業，週日沒營業,14:30~,taoyuan
5932022766,佳敬藥局,週六有營業，週日沒營業,"周一-周五 14:00-16:00\n周六 8:00-10:00",taoyuan
5932022828,立安藥局,週六有營業，週日沒營業,以藥局當日公告張貼的時間為主，因為藥局只有一個人力,taoyuan
5932022846,千芮藥局,週六有營業，週日沒營業,14:00-16:00,taoyuan
5932022917,仁心藥局,週六有營業，週日有營業,15:00~,taoyuan
5932022926,益康藥局,週六有營業，週日沒營業,15:00-17:00(周五公休),taoyuan
5932022971,得群藥局,週六有營業，週日有營業,10:00~12:00,taoyuan
5932022980,美佑康活力藥局,週六有營業，週日有營業,8:10:00,taoyuan
5932022999,新資生福州大藥局,週六有營業，週日有營業,14:00~,taoyuan
5932023012,鴻安中西藥局,週六有營業，週日有營業,12:30~14:30,taoyuan
5932023021,辰鴻藥局,週六有營業，週日有營業,"星期一到六 早場8:00發號碼牌，晚場19:00發號碼牌。星期日9:00開始售完為止",taoyuan
5932023049,惠安藥局,週六有營業，週日沒營業,"15:30~17:30 19:00~20:30",taoyuan
5932023058,健行藥局,週六有營業，週日有營業,11:00:00,taoyuan
5932023094,中壢民權藥局,週六有營業，週日有營業,"週一~週日 14:00~售完為止",taoyuan
5932023110,長偕社區藥局,週六有營業，週日沒營業,10:00～18:00,taoyuan
5932023147,杏一中壢天晟藥局,週六有營業，週日有營業,平日09:00假日15:00,taoyuan
5932023156,中民社區藥局,週六沒營業，週日沒營業,週一~週五8:50發號碼牌~售完為止,taoyuan
5932023165,資生內壢大藥局,週六有營業，週日有營業,14:00:00,taoyuan
5932023174,康華藥局,週六有營業，週日沒營業,14:00-16:00,taoyuan
5932023183,佳華藥局,週六有營業，週日沒營業,下午2點～4點（星期一～星期五），早上8點～10點（星期六）,taoyuan
5932023192,聖康藥局,週六有營業，週日沒營業,09:00~11:00,taoyuan
5932023218,中壢環東藥局,週六有營業，週日有營業,19:30:00,taoyuan
5932023254,博鈞藥局,週六有營業，週日沒營業,週一14:30、週二~週五09:30-12:00&14:30、周六09:00-12:00,taoyuan
5932023272,龍東藥局,週六有營業，週日有營業,19:30:00,taoyuan
5932023281,裕翔藥局,週六有營業，週日有營業,14:00:00,taoyuan
5932023307,晟康健保藥局,週六有營業，週日有營業,12:00:00,taoyuan
5932023325,新資生文青大藥局,週六有營業，週日有營業,下午兩點,taoyuan
5932023334,欣安藥局,週六有營業，週日沒營業,13:00:00,taoyuan
5932023352,全國大藥局,週六有營業，週日有營業,15:00:00,taoyuan
5932023361,彩玲藥局,週六有營業，週日沒營業,15:00:00,taoyuan
5932023370,中力藥局,週六有營業，週日沒營業,14:00-賣完為止,taoyuan
5932023432,敏康藥局,週六有營業，週日有營業,8:00:00,taoyuan
5932023450,環中藥局,週六沒營業，週日有營業,早上9:00至領完,taoyuan
5932023478,佳愷藥局,週六有營業，週日有營業,"09：00-10：00  15：00-16：00",taoyuan
5932023487,新賀生大藥局,週六有營業，週日沒營業,13:00~15:00,taoyuan
5932023503,內壢忠孝藥局,週六有營業，週日有營業,19:30-打烊,taoyuan
5932023512,大順藥局,週六有營業，週日有營業,AM：8點,taoyuan
5932023521,少同藥局,週六有營業，週日沒營業,12：30~13：30售完為止,taoyuan
5932023549,唯恩藥局,週六有營業，週日沒營業,"08:00-12:00,  15:00-18:00, 18:30-20:00  星期一~六(為免民眾久候及排\n隊人龍；本藥局視情況發放號碼牌，可當日領取)",taoyuan
5932023558,德春藥局,週六有營業，週日有營業,六點開始領卡片8:30開始發口罩,taoyuan
5932023567,內壢成章藥局,週六有營業，週日有營業,19:30:00,taoyuan
5932023576,天晟社區藥局,週六有營業，週日有營業,"13：00-16：00、周日 9：00-12：00",taoyuan
5932023601,大賀藥局,週六有營業，週日有營業,早上9:00,taoyuan
5932023610,遵龍藥局,週六有營業，週日沒營業,"0900-1200,1700-2100",taoyuan
5932023629,壢好藥局,週六有營業，週日沒營業,"週一~週六 14:00/15:00 (依前一天公告為主)",taoyuan
5932023647,樂謙藥師藥局,週六有營業，週日有營業,8：30,taoyuan
5932023656,思琁藥師藥局,週六沒營業，週日有營業,平日10:00-12:00，星期日14:00-16:00,taoyuan
5932023665,生源藥局,週六有營業，週日沒營業,08:30～10:30,taoyuan
5932023674,福安藥局,週六有營業，週日有營業,"14:30 - 16:30",taoyuan
5932023683,祥合藥局,週六有營業，週日沒營業,15:00:00,taoyuan
5932023692,幸一藥局,週六有營業，週日有營業,09：30開始，售完為止,taoyuan
5932023718,鈞育藥局,週六有營業，週日有營業,W1至W5：13:00-14:00，W六日依人力另訂時間,taoyuan
5932023727,大崙大藥局,週六有營業，週日有營業,14:00:00,taoyuan
5932023745,萬恒藥局,週六有營業，週日有營業,09:00發號碼牌，09:30賣口罩,taoyuan
5932023763,永崴大藥局,週六有營業，週日有營業,早上9點,taoyuan
5932023772,佑全中壢中正藥局,週六有營業，週日有營業,"週一~週日 14:00~售完為止",taoyuan
5932023781,政昇藥局,週六沒營業，週日沒營業,14:00-16:00,taoyuan
5932023790,新天地藥局,週六有營業，週日有營業,早上8:20起開始至口罩售完,taoyuan
5932023807,東興藥局,週六有營業，週日有營業,19:30:00,taoyuan
5932023843,晴一藥局,週六有營業，週日有營業,7:00:00,taoyuan
5932023852,朝日藥局,週六有營業，週日有營業,12:00:00,taoyuan
5932025007,劉藥局,週六有營業，週日沒營業,"09:00一半 & 15:00一半",taoyuan
5932028133,中北藥妝藥局,週六有營業，週日有營業,12:30:00,taoyuan
5932028311,千福藥局,週六有營業，週日有營業,上午09:00起售完為止,taoyuan
5932028348,田倉藥局,週六有營業，週日有營業,8:30:00,taoyuan
5932028375,福泰藥師藥局,週六有營業，週日有營業,14:00:00,taoyuan
5932028491,新典藥局,週六有營業，週日沒營業,08：00,taoyuan
5932029676,中日大藥局,週六有營業，週日有營業,早上11:00至售完,taoyuan
5932029934,康和藥局,週六有營業，週日沒營業,暫訂15：30至17：30,taoyuan
5932029952,佳倫藥局,週六有營業，週日沒營業,14:30至16:00,taoyuan
5932030062,慈航藥局,週六有營業，週日有營業,9:00:00,taoyuan
5932030080,吉壽藥局,週六有營業，週日沒營業,依現場公告,taoyuan
5932030099,吉新藥局,週六有營業，週日沒營業,"11:00~售完為止 (公休時段會再提前張貼在門口)",taoyuan
5932030160,永耘藥局,週六有營業，週日有營業,週一至週日早上8:00領號碼牌,taoyuan
5932030179,資生大藥局,週六有營業，週日有營業,14:00開始發號碼牌,taoyuan
5932031354,田心藥局,週六有營業，週日沒營業,8:30-10:30,taoyuan
5932031372,康莊藥局,週六有營業，週日有營業,12:00-14:00,taoyuan
5932031407,濟德藥局,週六有營業，週日沒營業,"12:30-13:30 &18:-19:00",taoyuan
5932031578,宜暉健保藥局,週六有營業，週日有營業,週一至週日19:00起,taoyuan
5932031701,安欣大藥局,週六有營業，週日有營業,"週一~週六 14:00(號碼牌)~16:00 /週日 10:00",taoyuan
5932031710,甯慶藥局,週六有營業，週日沒營業,13:00:00,taoyuan
5932031729,德安堂藥局,週六有營業，週日有營業,19:30:00,taoyuan
5932031747,欣康藥局,週六有營業，週日沒營業,15:00:00,taoyuan
5932031756,明仁藥局,週六有營業，週日沒營業,10:00~12:00,taoyuan
5932031783,叡安藥局,週六有營業，週日沒營業,10:00-12:00,taoyuan
5932031792,大溪藥局,週六有營業，週日有營業,19:30:00,taoyuan
5932031827,文化藥局-大溪區,週六有營業，週日有營業,週一至週日早上10:30~,taoyuan
5932040175,華生藥局,週六有營業，週日有營業,8:30售完為止,taoyuan
5932040246,龍泰藥局,週六有營業，週日有營業,12:-14:00,taoyuan
5932040255,中美藥局,週六有營業，週日有營業,週一至週日8:30,taoyuan
5932040308,弘大藥局,週六有營業，週日沒營業,14:00-16:00,taoyuan
5932042080,佳禾藥局,週六有營業，週日沒營業,14：00開始到售完,taoyuan
5932042124,佑健藥師藥局,週六有營業，週日有營業,上午9~11點,taoyuan
5932042213,京元藥局,週六有營業，週日有營業,週一至週日8:00起,taoyuan
5932042231,楊明藥局,週六有營業，週日有營業,13:00～15:00,taoyuan
5932042240,明禾藥局,週六有營業，週日有營業,上午08:00~09:00下午16:00~17:00,taoyuan
5932042259,良華藥局,週六有營業，週日沒營業,週一至週五15:00、週六8:00,taoyuan
5932042320,家康藥師藥局,週六有營業，週日沒營業,12:30售完為止,taoyuan
5932042339,德美藥局,週六有營業，週日沒營業,晚上7點半到9點固定時段。,taoyuan
5932042348,新康藥局,週六有營業，週日沒營業,週一-週六8：00-20：00（週六下午、週日、平常日11：30-15：00不販售）,taoyuan
5932042419,華泰健康藥局,週六有營業，週日沒營業,09:00～11:30,taoyuan
5932042491,成安藥局,週六有營業，週日有營業,週一至週日10:00,taoyuan
5932042679,得康美藥局,週六有營業，週日有營業,週一至週日10:00,taoyuan
5932042820,合康美藥局,週六有營業，週日有營業,早上8:30,taoyuan
5932042866,天乙藥局,週六有營業，週日有營業,早上8:00售完為止,taoyuan
5932042955,瑞溪甯慶藥局,週六有營業，週日沒營業,8:00發放號碼牌,taoyuan
5932043005,佳青藥局,週六有營業，週日沒營業,8:00開門起，售完止,taoyuan
5932043041,弘安藥局,週六有營業，週日有營業,09：00～14：00、15：00～20：00,taoyuan
5932043078,祐寧藥局,週六沒營業，週日沒營業,週一週二週四15:00,taoyuan
5932043087,敦親藥局,週六有營業，週日沒營業,0900—1530,taoyuan
5932043121,埔心藥局,週六有營業，週日有營業,週一至週日19:30起,taoyuan
5932043130,宜康美藥局,週六有營業，週日有營業,11:00發放號碼牌,taoyuan
5932043149,新德安藥局,週六有營業，週日有營業,8:30售完為止,taoyuan
5932043158,裕東藥局,週六有營業，週日有營業,8:30:00,taoyuan
5932043185,楊梅丁丁藥局,週六有營業，週日有營業,週一至週日9:00,taoyuan
5932043210,聖鑫藥局,週六有營業，週日有營業,8:00開始販賣,taoyuan
5932043274,躍獅天明藥局,週六沒營業，週日沒營業,"星期一至五 下午1點；星期六早上8:30-10點",taoyuan
5932043283,育佳藥局,週六有營業，週日有營業,12:00~13:00,taoyuan
5932043318,宏文藥局,週六有營業，週日有營業,14:00~16:00,taoyuan
5932043327,全球埔心大藥局,週六有營業，週日有營業,09：00,taoyuan
5932043336,楊梅藥局,週六有營業，週日有營業,19:30:00,taoyuan
5932043345,家安藥局,週六有營業，週日沒營業,1400-1600,taoyuan
5932043354,佳品藥局,週六有營業，週日沒營業,週一至週六16:00,taoyuan
5932050019,南欣藥師藥局,週六有營業，週日有營業,週一至週日早上8點,taoyuan
5932050180,長榮藥師藥局,週六有營業，週日有營業,9：20、17：00,taoyuan
5932050215,九德藥局,週六有營業，週日有營業,AM10:00-12:00,taoyuan
5932050224,杏洋藥局,週六有營業，週日沒營業,12:00～14:00,taoyuan
5932051285,承安藥局,週六沒營業，週日沒營業,週一至週五13:00起(2/10至2/12休診),taoyuan
5932051310,健康堂藥局,週六有營業，週日有營業,週一至週日8:30,taoyuan
5932051329,恆安藥局,週六有營業，週日有營業,16:00:00,taoyuan
5932051392,福興藥局,週六有營業，週日沒營業,13:30:00,taoyuan
5932051427,大吉藥局,週六沒營業，週日沒營業,週一至週五9:00,taoyuan
5932051472,康而美聖安藥師藥局,週六有營業，週日有營業,全日，售完為止。,taoyuan
5932051749,得安藥局,週六有營業，週日沒營業,週一至週六早上9點半起,taoyuan
5932051829,佳安藥局,週六有營業，週日沒營業,"0900-中午 下午3:0018:00",taoyuan
5932051972,大安藥局,週六有營業，週日有營業,週一至週日8:15起發號碼牌，以藥局實際公告的為主,taoyuan
5932052004,英登藥局,週六有營業，週日有營業,13:00-22:00,taoyuan
5932052013,誠心藥局,週六有營業，週日有營業,週一至週日下午14:30起,taoyuan
5932052068,誼康藥局,週六有營業，週日有營業,13:00～16:00,taoyuan
5932052077,明安藥局,週六有營業，週日有營業,"禮拜一-禮拜五分13:00和19：00兩個時段 假日為10：00。發完為止",taoyuan
5932052086,連安藥局,週六有營業，週日沒營業,週一至週六8:10,taoyuan
5932052200,樺生藥師藥局,週六有營業，週日沒營業,"10:00-12:00 15:00-18:00",taoyuan
5932052228,大竹藥師藥局,週六有營業，週日有營業,1400-,taoyuan
5932052273,育境健保藥局,週六有營業，週日有營業,週一至週日早上8:00起,taoyuan
5932052308,南崁宜安藥師藥局,週六有營業，週日沒營業,09:30-賣完,taoyuan
5932052326,文文藥局,週六有營業，週日沒營業,"10點後領號碼牌 13：30後拿口罩",taoyuan
5932052335,鑫盟藥師藥局,週六有營業，週日有營業,"星期一至星期六 09:00-1200，15:00-21:00 星期日 09:00-12:00",taoyuan
5932052362,奇點藥局,週六有營業，週日沒營業,下午3:00-5:00,taoyuan
5932052371,德美藥師藥局,週六有營業，週日有營業,早上9點以後售完爲止,taoyuan
5932052406,上安藥局,週六有營業，週日有營業,週一至週日8:15起發號碼牌，以藥局實際公告的為主,taoyuan
5932052415,康德美藥局,週六有營業，週日沒營業,週一至週六14:30~,taoyuan
5932052433,承昇藥局,週六有營業，週日有營業,10:00~,taoyuan
5932052442,喜多福藥局,週六有營業，週日沒營業,11：00-13：00,taoyuan
5932052479,宜家藥局,週六有營業，週日有營業,9:00-12:00,taoyuan
5932052531,竹康藥師藥局,週六有營業，週日有營業,週一至週日早上8:30起,taoyuan
5932052540,南竹健保藥局,週六有營業，週日有營業,週一至週日早上8點,taoyuan
5932052559,大新長青藥師藥局,週六有營業，週日有營業,週一至週日14:00起,taoyuan
5932052595,全郁藥師藥局,週六有營業，週日有營業,0900-1100,taoyuan
5932052700,杏安藥局,週六有營業，週日沒營業,15:00-17:00,taoyuan
5932052737,知博藥師藥局,週六有營業，週日有營業,週一至週日19:00起,taoyuan
5932052746,南崁藥師藥局,週六有營業，週日有營業,週一至週日14:30起,taoyuan
5932052755,大葉藥局,週六有營業，週日有營業,週一至週日15:30起,taoyuan
5932052764,禾泰藥局,週六有營業，週日有營業,週一14:00-16:00；週二到週六15:00-17:00；週日8:30-10:30,taoyuan
5932052808,柏霖藥局,週六有營業，週日沒營業,"08:30-12:00 14:30-2100",taoyuan
5932052826,青新藥師藥局,週六有營業，週日有營業,週一至週日14:30起,taoyuan
5932052835,悅兒藥局,週六有營業，週日有營業,"週一到週五 早上8:00-12:00 週六週日 18:30-21:30",taoyuan
5932052844,康維藥局,週六有營業，週日沒營業,週一至週五18:00-20:00，週六09:00-11:00,taoyuan
5932052853,奇安藥局,週六有營業，週日有營業,14:00:00,taoyuan
5932052871,政興藥局,週六有營業，週日沒營業,8:30:00,taoyuan
5932052880,安捷幸福藥局,週六有營業，週日沒營業,15:00-17:00,taoyuan
5932052906,民生藥局,週六有營業，週日沒營業,"週一~週五下午3點~下午6點 週六早上8點~12點",taoyuan
5932052915,敏新藥局,週六有營業，週日沒營業,週一至週五8:30售完為止；週六15:00售完為止,taoyuan
5932052924,青青藥師藥局,週六有營業，週日有營業,週一至週日14:00起,taoyuan
5932052933,天康南崁藥局,週六有營業，週日有營業,週一至週日13:00起,taoyuan
5932052951,永青健康人生藥局,週六有營業，週日有營業,週一至週日14:00起,taoyuan
5932052979,南崁藥局,週六有營業，週日有營業,19:30:00,taoyuan
5932053001,安祐大藥局,週六有營業，週日沒營業,"一~五 14:00 六08:00",taoyuan
5932053010,辰安藥局,週六有營業，週日有營業,09：00~23:20,taoyuan
5932053029,健力藥局,週六有營業，週日有營業,"週一到週六1500開始 週日0800開始",taoyuan
5932053047,桃園大竹藥局,週六有營業，週日有營業,19:30:00,taoyuan
5932060088,銘方大藥局,週六有營業，週日有營業,"08:30-11:30  周日上午",taoyuan
5932060140,大園藥局,週六有營業，週日有營業,"07:30 開始售完為止",taoyuan
5932060168,永固安藥局,週六有營業，週日有營業,9:00發號碼牌,taoyuan
5932060177,勝峰藥師藥局,週六有營業，週日有營業,09:30-22:00,taoyuan
5932061003,保和大藥局,週六有營業，週日有營業,8:00拿號碼牌(10:00~19:00皆可領取),taoyuan
5932062046,家宏藥局,週六有營業，週日有營業,"本周17:00開始，下周 15:.00",taoyuan
5932062117,怡德藥局,週六有營業，週日沒營業,9:00~售完為止,taoyuan
5932062126,國中藥局,週六有營業，週日沒營業,"星期一～星期五早上9:00至11:00 星期六下午3:00至5:00",taoyuan
5932062144,唯新藥局,週六有營業，週日有營業,早上9點～11點,taoyuan
5932062162,麒安藥局,週六有營業，週日沒營業,"星期一到星期五晚上7:00到9:00 星期六下午3:00到5:00",taoyuan
5932062171,菓林村藥局,週六有營業，週日沒營業,14:40:00,taoyuan
5932062215,快安藥師藥局,週六有營業，週日有營業,8:30:00,taoyuan
5932062242,利安藥局,週六有營業，週日沒營業,8:30:00,taoyuan
5932062377,新明藥局,週六有營業，週日沒營業,09:00-12:00,taoyuan
5932062402,德馨藥局,週六有營業，週日沒營業,08:30~12:00。2:30~,taoyuan
5932062411,園正藥局,週六有營業，週日有營業,19:30:00,taoyuan
5932062439,青埔長青藥師藥局,週六有營業，週日有營業,"週一~週五9:00(發號碼牌) 六日14:00(發號牌)",taoyuan
5932070164,輝安大藥局,週六有營業，週日有營業,星期一至星期五12點至2點，星期六至星期日10點至12點,taoyuan
5932070208,福民藥局,週六有營業，週日有營業,原則上週一至週日早上9點起，以藥局當天公告為主,taoyuan
5932070235,中聯藥局,週六有營業，週日沒營業,7:30:00,taoyuan
5932070253,高田藥師藥局,週六有營業，週日有營業,早上9:00,taoyuan
5932071009,德佑藥局,週六有營業，週日有營業,"2/11是 19:00~ 、2/12-2/15是15:00~",taoyuan
5932076111,中興藥局,週六有營業，週日沒營業,下午13：45發放號碼牌,taoyuan
5932076148,宏仁藥局,週六有營業，週日沒營業,早上8點到中午12點，下午2點30分到晚上9點30分,taoyuan
5932076157,安康藥局,週六沒營業，週日沒營業,"2/9~2/16休息(有貼公告)\n販賣口罩時段 週一~週六 9:00~11:00",taoyuan
5932076255,安得福藥局,週六有營業，週日有營業,14：00開始發號碼牌,taoyuan
5932076399,林口藥師藥局,週六有營業，週日有營業,週一至週日9:00,taoyuan
5932076424,三加恩聯合藥局,週六有營業，週日沒營業,9點發號碼牌，發完為止，下午16:00才開始領口罩,taoyuan
5932076568,誠意藥局,週六沒營業，週日沒營業,18:30:00,taoyuan
5932076657,家佑藥師藥局,週六有營業，週日有營業,早上九點,taoyuan
5932076746,安欣藥局,週六有營業，週日沒營業,晚上6點、週六8:30,taoyuan
5932076791,誠安生活藥局,週六有營業，週日有營業,週一至週日中午12點,taoyuan
5932076835,光峰藥局,週六有營業，週日有營業,8:30:00,taoyuan
5932076844,帕米爾藥局,週六有營業，週日有營業,18:00:00,taoyuan
5932076862,和信藥局,週六有營業，週日有營業,星期一、三、五上午11時、二、四、六、日下午二時,taoyuan
5932076942,凱悅藥局,週六有營業，週日有營業,9:00-11:00,taoyuan
5932077001,德康藥局,週六有營業，週日沒營業,週一至週五15:30、週六10:00,taoyuan
5932077056,桃園龜山藥局,週六有營業，週日有營業,19:30:00,taoyuan
5932077092,仁康藥局,週六有營業，週日沒營業,下午2點至下午四點,taoyuan
5932077109,嘉惠中西藥局,週六有營業，週日有營業,8:30至售完為止,taoyuan
5932077118,文青藥局,週六有營業，週日有營業,週一至週日9:30起領號碼牌,taoyuan
5932077145,百佑藥局,週六有營業，週日有營業,16:30:00,taoyuan
5932077154,博爾康生活藥局,週六有營業，週日有營業,早上10點，下午兩點半，晚上6點,taoyuan
5932077163,新資生龜山大藥局,週六有營業，週日有營業,14:00:00,taoyuan
5932077172,佑全藥局,週六有營業，週日有營業,14:00-16:00,taoyuan
5932077225,松林藥局,週六沒營業，週日沒營業,週一至週五9:00,taoyuan
5932077234,文新藥局,週六有營業，週日有營業,週一至週日15:30起,taoyuan
5932077261,南崁南祥藥局,週六有營業，週日有營業,19:30:00,taoyuan
5932077270,明昌藥局,週六有營業，週日沒營業,"週一至週六 14:30-16:00 售完為止",taoyuan
5932077298,家和藥局,週六有營業，週日有營業,週一至週日14:00,taoyuan
5932077305,全興藥局,週六有營業，週日沒營業,上午8:30開始，售完為止,taoyuan
5932077341,德亞藥局,週六有營業，週日沒營業,週一至週六15:30,taoyuan
5932077350,日心藥局,週六有營業，週日有營業,"星期一～星期六 08：30 星期日17：00",taoyuan
5932077369,安博氏藥師藥局,週六有營業，週日有營業,週一至週日14:00,taoyuan
5932077378,佑昌藥局,週六有營業，週日沒營業,9：00~10：00,taoyuan
5932077396,尤加利藥局,週六有營業，週日有營業,"平日下午三點 周末早上九點",taoyuan
5932077403,穩好保健藥局,週六有營業，週日有營業,0900-,taoyuan
5932077421,躍獅藥聯藥局,週六有營業，週日有營業,週一至週日下午13:30起,taoyuan
5932077430,長庚藥局,週六有營業，週日有營業,週一至週日15:30,taoyuan
5932077458,康旭藥局,週六有營業，週日沒營業,9:30:00,taoyuan
5932077467,維康藥局,週六有營業，週日沒營業,0900-1200,taoyuan
5932077476,安寶親子藥局,週六有營業，週日有營業,8:00開始發放號碼牌,taoyuan
5932080035,慶昇藥局,週六有營業，週日有營業,9:00:00,taoyuan
5932080080,厚仁藥局,週六有營業，週日沒營業,13:00-15:00,taoyuan
5932080099,安慧藥局,週六有營業，週日有營業,9:30:00,taoyuan
5932080197,和生藥局,週六有營業，週日有營業,09:00-11：00,taoyuan
5932080455,日鴻藥局,週六有營業，週日沒營業,"早上發號碼牌 下午4:00~6:00領取",taoyuan
5932083081,壽德藥局,週六有營業，週日沒營業,2/7日2/8日早上9:00開始銷售，2/10日起改為下午2:00銷售,taoyuan
5932083303,吉康生活藥局,週六沒營業，週日沒營業,"09:30-11:30 售完為止",taoyuan
5932083330,健康中西藥師藥局,週六有營業，週日有營業,週一至週六下午15:30、週日早上11點、以藥局現場公告為主,taoyuan
5932083394,信發藥局,週六有營業，週日沒營業,"09:00-12:00 15:00-17:00",taoyuan
5932083438,八德藥局,週六有營業，週日有營業,"早上0830發放號碼牌 一到五下午1430-1800 六日1210後取口罩",taoyuan
5932083456,瑞誠藥局,週六有營業，週日有營業,09:00領號碼牌直到販售完為止,taoyuan
5932083509,上方藥局,週六有營業，週日沒營業,15:00-17:30,taoyuan
5932083527,新大明藥局,週六有營業，週日有營業,7:30:00,taoyuan
5932083545,興豐藥局,週六有營業，週日有營業,9:00~11:00,taoyuan
5932083670,保健藥局,週六有營業，週日有營業,每日下午3:00開始販賣，週日早上9:00開始販賣,taoyuan
5932083714,佳美大藥局,週六有營業，週日有營業,9:00:00,taoyuan
5932083812,家恩藥局,週六有營業，週日有營業,15:00-17:00,taoyuan
5932083894,大千中西藥師藥局,週六有營業，週日沒營業,13:00-16:00,taoyuan
5932083965,安平藥局,週六有營業，週日有營業,"週一~週五 7:30~售完為止/週六週日8:00~售完為止",taoyuan
5932083974,晨鴻藥師藥局,週六有營業，週日沒營業,"8:30領號碼牌 9:00(發大人50個小孩15個)/18:30領號碼牌19:00(發大人50個小孩10個)",taoyuan
5932084113,我家藥局,週六有營業，週日沒營業,星期1晚上18:00、星期2.3.5.6早上十點、星期4下午14:30,taoyuan
5932084131,環球聯合藥局,週六有營業，週日有營業,AM09:00,taoyuan
5932084195,禎祐示範藥局,週六有營業，週日沒營業,早上8:30至下午2:00，售完為止,taoyuan
5932084211,東林藥局,週六有營業，週日有營業,10:00-12:00(周日不販售),taoyuan
5932084248,佑兒康藥局,週六有營業，週日有營業,14:30-16:30,taoyuan
5932084257,成發藥局,週六有營業，週日沒營業,14:00~16:00,taoyuan
5932084300,博泰藥局,週六有營業，週日有營業,19:30:00,taoyuan
5932084319,新寶樹藥局,週六有營業，週日有營業,"14:30 - 16:30",taoyuan
5932084373,悅康藥局,週六有營業，週日有營業,13:00-17:00,taoyuan
5932084435,康健藥局,週六有營業，週日有營業,09:00-12:00,taoyuan
5932084462,興豐丁丁藥局,週六有營業，週日有營業,週一~週日15:00~售完為止,taoyuan
5932084480,大躍藥局,週六有營業，週日有營業,10:00~12:00,taoyuan
5932084499,誠泰藥局,週六有營業，週日沒營業,2/7.8早上9:30，2/10開始下午14:00,taoyuan
5932084515,第二店廣福藥局,週六有營業，週日有營業,1700~2200,taoyuan
5932084533,柚兒藥局,週六有營業，週日沒營業,10:00~11:30(如早上售完下午就無販售)/14:30~16:00,taoyuan
5932084542,介壽啄木鳥藥局,週六有營業，週日有營業,13:00發號碼牌:14:00開始販賣,taoyuan
5932084560,慈幼藥局,週六有營業，週日有營業,早上9點到11點,taoyuan
5932084579,奇異果藥局,週六有營業，週日沒營業,9:00發號碼牌/一整天可領取,taoyuan
5932084613,健民大藥局,週六有營業，週日有營業,09：00-11：00,taoyuan
5932084622,成大藥局,週六有營業，週日有營業,8:00-22:00（8:00發號碼牌）,taoyuan
5932084631,崇明藥局,週六沒營業，週日沒營業,星期一，二，四，五，早上八點30分開賣至11點整，下午3點至6點，晚上7點至8點，賣完為止，星期三只有早上8點30分至11點整,taoyuan
5932084640,嘉家藥局,週六有營業，週日有營業,"暫定1330-1430及2100-2200  目前還在調整",taoyuan
5932084659,鶯康藥局,週六有營業，週日有營業,14:00～17:00,taoyuan
5932084668,奕成健保大藥局,週六有營業，週日有營業,每日早上九點、晚上七點,taoyuan
5932084677,杏一八德介壽藥局,週六有營業，週日有營業,"平日1000-1200 。假日1330-1530",taoyuan
5932084686,宏昌藥局,週六有營業，週日沒營業,"12:30至賣完為止\n原則依前日公告為準",taoyuan
5932084695,康馥藥局,週六沒營業，週日沒營業,"15:00 ， 週日14:30開始營業",taoyuan
5932090148,關西第一藥局,週六有營業，週日沒營業,早上8:30售完為止,taoyuan
5932090273,博信藥師藥局,週六有營業，週日有營業,上午8:10開賣,taoyuan
5932098073,全球藥局,週六有營業，週日有營業,早上9:00,taoyuan
5932098091,悅發藥局,週六有營業，週日沒營業,下午14:00,taoyuan
5932099132,龍大藥局,週六有營業，週日沒營業,"中午 12:30",taoyuan
5932099150,繕葆藥局,週六有營業，週日沒營業,8:30-售完為止,taoyuan
5932099196,華濟藥師聯合大藥局,週六有營業，週日有營業,"每星期四公休！平日9:30排隊領號碼牌,10:00領口罩！",taoyuan
5932099203,普善藥局,週六有營業，週日有營業,"9:00~12:00 14:00~2100",taoyuan
5932099285,達仁藥局,週六有營業，週日有營業,8:00售完為止,taoyuan
5932099383,龍星藥局,週六有營業，週日有營業,週一到週五16:00售(星期三休診)、週六日10:00-12:00,taoyuan
5932099436,康熙藥局,週六有營業，週日沒營業,10：00-12：00,taoyuan
5932099481,弘安育藥局,週六有營業，週日有營業,07:00~,taoyuan
5932099516,101藥師聯合藥局,週六有營業，週日沒營業,下午兩點到九點,taoyuan
5932099614,新龍藥局,週六有營業，週日有營業,週一~週六下午四點、週日10點~,taoyuan
5932099623,中興藥師藥局,週六有營業，週日有營業,早上09:00、晚上18:30,taoyuan
5932099650,健康社區藥局,週六有營業，週日有營業,14:00～16:00,taoyuan
5932099669,全球龍正藥局,週六有營業，週日有營業,9:00:00,taoyuan
5932099678,龍華藥局,週六有營業，週日有營業,早上8點發號碼牌,taoyuan
5932099687,承融藥局,週六有營業，週日有營業,週一到週五8:30售、週六日9:00售,taoyuan
5932099696,大立健保藥局,週六有營業，週日有營業,早上7點售完為止,taoyuan
5932099776,愛心藥局,週六有營業，週日有營業,0800～售完,taoyuan
5932099829,百年藥局,週六有營業，週日有營業,週一至週六8:30、週日18:30,taoyuan
5932099847,龍青藥局,週六有營業，週日沒營業,"周1-周5下午四點，賣完為止,周六下午3點到5點",taoyuan
5932099856,佳欣社區藥局,週六有營業，週日有營業,週一至週日9點~,taoyuan
5932099874,龍潭北龍藥局,週六有營業，週日有營業,19:30:00,taoyuan
5932099883,美和健保藥局,週六有營業，週日沒營業,08：00-10：00,taoyuan
5932099892,百年聯合藥局,週六有營業，週日沒營業,15:00:00,taoyuan
5932099909,仁鑫藥局,週六有營業，週日有營業,週一至週日7:30起領號碼牌,taoyuan
5932100185,德聯藥師藥局,週六有營業，週日有營業,09:00~(星期1-5)09:30~(星期6、日),taoyuan
5932100210,富國藥師藥局,週六有營業，週日有營業,10:00:00,taoyuan
5932100354,世新藥局,週六有營業，週日有營業,13:00:00,taoyuan
5932100381,北區藥師藥局,週六有營業，週日有營業,9:30:00,taoyuan
5932100390,現代藥局,週六有營業，週日有營業,8:00~12:00,taoyuan
5932100443,美得藥局,週六有營業，週日有營業,13:00-15:00,taoyuan
5932100603,安心藥局,週六有營業，週日沒營業,12:00開號碼牌(正確時段請依照藥局公告),taoyuan
5932100612,名康藥局,週六有營業，週日沒營業,9:00:00,taoyuan
5932100685,閤家康聯合藥局,週六有營業，週日沒營業,15:00:00,taoyuan
5932100701,壢新藥局,週六有營業，週日有營業,16：30至售完止,taoyuan
5932100765,親親大藥局,週六有營業，週日有營業,"早上9點30 (售完為止)",taoyuan
5932100774,龍南藥局,週六有營業，週日沒營業,每天早上9:30開始販售,taoyuan
5932100792,德韻藥局,週六有營業，週日沒營業,15:00-17:00,taoyuan
5932100809,愛國藥師藥局,週六有營業，週日有營業,13:00:00,taoyuan
5932100836,好的快藥局,週六有營業，週日有營業,8:00:00,taoyuan
5932100845,全球和平藥局,週六有營業，週日有營業,早上9：00,taoyuan
5932100863,新昕藥局,週六有營業，週日有營業,下午2:00，星期六11:30am發號碼牌，12點發口罩,taoyuan
5932100872,旭安藥局,週六有營業，週日沒營業,14:00:00,taoyuan
5932100881,文化藥局,週六有營業，週日有營業,11:00:00,taoyuan
5932100916,唯康藥局,週六有營業，週日有營業,14:00:00,taoyuan
5932100925,譽達藥局,週六有營業，週日有營業,AM0900,taoyuan
5932100952,家樂藥局,週六有營業，週日有營業,8-12點,taoyuan
5932100989,南勢長青藥師藥局,週六有營業，週日有營業,14:00:00,taoyuan
5932101002,南勢藥局,週六有營業，週日有營業,中午12：00,taoyuan
5932101011,天晴藥局,週六有營業，週日沒營業,8：00-10：00,taoyuan
5932101039,平鎮中豐藥局,週六有營業，週日有營業,19:30:00,taoyuan
5932101057,大天藥局,週六有營業，週日沒營業,12:00:00,taoyuan
5932101066,日安藥局,週六有營業，週日有營業,08：00-12：00,taoyuan
5932101075,杏一平鎮環南藥局,週六有營業，週日有營業,9:00:00,taoyuan
5932101084,佳仁藥局,週六有營業，週日有營業,12:00:00,taoyuan
5932101100,延平藥局,週六有營業，週日有營業,11:00發號碼牌，限13:00-15:00領取完畢,taoyuan
5932108305,晨安藥局,週六有營業，週日有營業,10:30:00,taoyuan
5932108378,信泰藥局,週六有營業，週日有營業,9:30:00,taoyuan
5932108387,正豐藥局,週六沒營業，週日沒營業,13:00-16:00,taoyuan
5932108396,錦興行藥局,週六沒營業，週日沒營業,1-3點,taoyuan
5932108430,建德藥局,週六有營業，週日沒營業,"星期一至星期六\n早上9：30開始賣。賣完為止。(星期日不營業）",taoyuan
5932108529,大益藥局,週六有營業，週日有營業,有營業就販售,taoyuan
5932108574,天健示範藥局,週六有營業，週日有營業,9點到12點,taoyuan
5932109857,鼎祥藥局,週六沒營業，週日沒營業,09:00-12:00,taoyuan
5932109955,優達藥局,週六有營業，週日有營業,平日08:00成人一半、13:00成人一半，兒童未限制;周日08:00-12:00,taoyuan
5932109973,新英藥局,週六有營業，週日沒營業,"週1 2 4 5 下午14點到13點20分週3 下午17點到18點30分",taoyuan
5932109982,如泓藥局,週六有營業，週日沒營業,"08:30 (周四半天)",taoyuan
5932110092,宏興藥局,週六有營業，週日有營業,8:00:00,taoyuan
5932111160,謝氏藥局,週六有營業，週日有營業,週一至週日8:00起,taoyuan
5932111213,一間藥局,週六有營業，週日沒營業,12:00-14:00,taoyuan
5932111240,新屋藥局,週六有營業，週日有營業,上午8點開始售完為止,taoyuan
5932120016,吉利藥師藥局,週六有營業，週日沒營業,週一至週六早上7:30起，售完為止,taoyuan
5932120098,金永生藥局,週六有營業，週日有營業,週一至週日14:00起,taoyuan
5932120105,新惠安藥局,週六有營業，週日有營業,早上8點開始~領完為止,taoyuan
5932120114,廣福藥局,週六有營業，週日有營業,週一至週日早上8點,taoyuan
5932120141,東尼藥局,週六有營業，週日有營業,週一至週日早上7點起,taoyuan
5932120169,合春藥局,週六有營業，週日有營業,早上八點發完為止,taoyuan
5932123008,立明藥局,週六有營業，週日有營業,固定13:00-15:00,taoyuan
5932124087,國際藥局,週六有營業，週日沒營業,週一至週六8點起,taoyuan
5932124096,松樹藥師藥局,週六有營業，週日有營業,星期一~星期六:14:00~售完；星期日20:30~售完,taoyuan
5932124185,德洋藥局,週六有營業，週日有營業,星期1-5下午4點、星期日早上九點半,taoyuan
5932124265,弘宗藥局,週六有營業，週日有營業,中午12:00-14:00,taoyuan
5932124345,甘泉藥局,週六有營業，週日有營業,週一至週日早上8點起,taoyuan
5932124354,健康藥局,週六有營業，週日有營業,週一至週六早上9點起，週日10點起,taoyuan
5932124363,草漯藥局,週六有營業，週日有營業,12:30左右發號碼牌,taoyuan
5932124372,福星藥局,週六有營業，週日有營業,"9:30～10:30 / 14:00～15:00",taoyuan
5932130049,德怡藥局,週六有營業，週日有營業,"星期一到星期六13：30-14：30 星期日9：00-11：00",taoyuan
5933010055,聯合大藥局,,"星期一~日\n09:00~12:00",hsinchu
5933010064,明德藥局,,"星期一~五\n14:00-16:00",hsinchu
5933010082,仁泰藥局,,"星期一~日\n07:30-09:30",hsinchu
5933010091,進安藥局,,"星期一~六\n17:00-19:00",hsinchu
5933010144,佳仁藥局,,"星期一~日\n09:00-21:00",hsinchu
5933011178,康和藥局,,"星期一~日\n13:00-21:00",hsinchu
5933011196,高平堂藥局,,"星期一\n15:00-17:00\n星期二、三、四\n17:00-21:00\n星期五\n20:00-22:00\n星期六\n10:00-12:00",hsinchu
5933011230,仁禾藥局,,"星期一~六\n10:00-11:30\n14:30-17:00\n19:00-20:30",hsinchu
5933011258,安東藥師藥局,,"星期一~六\n14:00-17:00\n星期日\n08:00-11:00",hsinchu
5933020104,廣和藥局,,"星期一~六\n15:00-21:00",hsinchu
5933021183,日興藥局,,"星期一~六\n07:10(發號碼牌)\n08:00-10:00",hsinchu
5933021236,康立藥局新埔店,,"星期一~日\n14:00-16:00",hsinchu
5933030011,健民藥局,,"星期一~日\n08:30-12:00",hsinchu
5933030066,鄧藥局,,"星期一~日\n10:00-12:00",hsinchu
5933030084,國瑞藥局,,"星期一~日\n07:00-21:00",hsinchu
5933030146,榮信藥局,,"星期一~日\n09:00-16:00",hsinchu
5933030306,華德藥局,,"星期一~日\n14:00-16:00",hsinchu
5933030324,健通藥局,,"星期一~六\n08:00-10:00",hsinchu
5933031456,永康藥局,,"星期一~六\n08:00-12:00",hsinchu
5933031554,快樂連鎖鴻達藥局,,"星期一~日\n14:00-16:00",hsinchu
5933031643,快樂連鎖能安西藥局,,"星期一~日\n14:00-16:00",hsinchu
5933031652,合康藥局,,"星期一~日\n09:00-11:00",hsinchu
5933031689,平安佳藥局,,"星期一～星期六\n14:30～16:30",hsinchu
5933031698,好好藥局,,"星期一~五\n8:30(發號碼牌)\n13:00(開始發口罩)",hsinchu
5933031714,健康人生藥局,,"星期一~五\n14:00-16:00",hsinchu
5933031723,日榮堂藥局,,"星期一~六\n08:30-12:00(發號碼牌)\n14:30-18:00\n19:00-21:00\n星期日\n09:00-12:00",hsinchu
5933031741,國豐大藥局,,"星期一~六\n14:00-15:00\n星期日\n09:00-11:00",hsinchu
5933031750,仁愛藥局,,"星期一~六\n10:00-12:00",hsinchu
5933031769,竹東朝陽藥局,,"星期一~日\n19:30-21:30",hsinchu
5933031778,快樂連鎖樂安藥師藥局,,"星期一~日\n14:00-16:00",hsinchu
5933031796,春天藥局,,"星期一~五\n08:00-12:00\n14:30-18:00\n18:30-21:00\n星期六\n08:00-12:00\n14:30-18:00",hsinchu
5933031803,鑫美藥局,,"星期一~五\n15:30-17:30\n星期六\n14:00-16:00",hsinchu
5933031821,新月藥局,,"星期一~六\n10:00-12:00\n18:00-:20:00",hsinchu
5933031830,順佳藥局,,"星期一~五\n11:00-13:00\n星期六\n07:00-09:00",hsinchu
5933050059,康立藥局,,"星期一~日\n14:00-16:00",hsinchu
5933050102,健新藥局,,"星期一～日\n9:00 售完為止",hsinchu
5933050111,六久藥局,,"星期一~六\n13:00-15:00\n2 月 7 日(僅一天)\n15:00-18:00",hsinchu
5933050184,救星藥局,,"星期一~日\n10:00-12:00",hsinchu
5933050317,林保郎藥師藥局,,"星期一~日\n08:00-12:00\n14:30-21:00",hsinchu
5933050424,健安藥局,,"星期一~六\n08:30-12:00\n15:00-18:00\n19:00-21:00",hsinchu
5933051458,快樂連鎖北一藥師藥局,,"星期一~六\n10:00-12:00",hsinchu
5933051627,吉新藥局,,"星期一~六\n09:30-12:00",hsinchu
5933051672,博士藥局,,"星期一~五\n08:30-10:30\n星期六\n15:00-17:00",hsinchu
5933051958,良美藥局,,"星期一~六\n08:00-12:00",hsinchu
5933052044,禾松藥局,,"星期一~六\n09:00-12:00",hsinchu
5933052053,真善美藥局,,"星期一~六\n13:00-16:00",hsinchu
5933052099,無尾熊藥師藥局,,"星期一~五\n13:00-15:00\n星期六、日\n09:30-12:00",hsinchu
5933052133,波士頓藥局,,"星期一~五\n09:00-12:00\n星期六\n09:00-11:00",hsinchu
5933052286,健元藥局,,"星期一~五\n09:00~11:00",hsinchu
5933052311,詠美藥局,,"星期一~六\n13:00-15:00",hsinchu
5933052384,長康藥師藥局,,"星期一~六\n09:00-10:00\n14:00-15:00",hsinchu
5933052393,立康藥局,,"星期一~日\n14:00-16:00",hsinchu
5933052400,家欣藥局,,"星期一、二、四、五、六\n12:00-14:00",hsinchu
5933052446,佑安藥局,,"星期一~日\n10:00-12:00",hsinchu
5933052517,快樂連鎖振元藥師藥局,,"星期一~日\n10:00-12:00",hsinchu
5933052535,嘉岳藥局,,"星期一~六\n16:00-18:00",hsinchu
5933052606,正科大藥局,,"星期一~六\n13:00-15:00",hsinchu
5933052660,阿姆斯壯藥局,,"星期一~五\n15:00-17:00\n星期六\n18:00-20:00",hsinchu
5933052704,信安藥局,,"星期一~六\n08:00-1200",hsinchu
5933052731,欣欣藥局,,"星期一~六\n09:30-10:30\n15:30-16:30",hsinchu
5933052777,竹仁藥師藥局,,"星期一~五\n08:00-11:00\n星期六\n15:00-17:00",hsinchu
5933052811,仁康藥局,,"星期一~六\n15:00-18:00(週四休)\n19:00-21:00(週六休)\n09:00-12:00",hsinchu
5933052866,晶華藥局,,"星期一~六\n09:30-11:30",hsinchu
5933052875,健樹藥局,,"星期一~六\n15:00-18:30",hsinchu
5933052955,仁里藥局,,"星期一~日\n10:00-12:00",hsinchu
5933052973,芳鄰藥局,,"星期一~日\n10:00-12:00",hsinchu
5933052982,如佳藥局,,"星期一~五\n10:00-11:00\n16:00-17:00\n星期六、日\n14:30-16:30",hsinchu
5933053023,禾坊藥局,,"星期一~五、日\n09:00(發號碼牌)\n09:00-22:00\n星期六\n09:00(發號碼牌)\n09:00-18:00",hsinchu
5933053041,中ㄧ藥局,,"星期一~六\n14:00-16:00",hsinchu
5933053050,"示右  示右  藥局",,"星期一~六\n13:30-15:30",hsinchu
5933053103,仁暉藥局,,"星期一~日\n10:30-12:00",hsinchu
5933053112,仁品藥局,,"星期一～五\n17:00-19:00\n星期六\n10:00-12:00",hsinchu
5933053121,合康藥局竹北,,"星期一~日\n09:00-11:00",hsinchu
5933053130,日安藥局,,"星期一~六\n08:30-10:30",hsinchu
5933053149,成功藥局,,"星期一~日\n19:30-21:30",hsinchu
5933053158,竹北啄木鳥藥局,,"星期一~日\n13:00-15:00",hsinchu
5933053167,育禾藥局,,"星期一~五\n17:00-20:00\n星期六\n15:00-17:00",hsinchu
5933053176,金竹藥局,,"星期一~六\n10:00-11:00\n16:00-17:00",hsinchu
5933053185,新瓦屋藥局,,"星期一~六\n15:00-18:00\n19:00-21:00\n星期日\n09:00-12:00",hsinchu
5933053194,仁信藥局,,"星期一~日\n10:00-12:00\n17:00-19:00",hsinchu
5933053201,立順藥局,,"星期一~五\n14:00-16:00\n星期六\n09:00-11:00",hsinchu
5933053210,上紘藥局,,"星期一~五\n09:00-11:30\n15:00-17:00\n星期六\n09:00-11:00",hsinchu
5933053229,合康連鎖藥局竹北二店,,"星期一~日\n10:00-12:00",hsinchu
5933053238,源川藥局,,"星期一~六\n14:00-16:00",hsinchu
5933053247,竹北光明藥局,,"星期一~日\n19:30-21:30",hsinchu
5933053256,中華藥局,,"星期一~日\n19:30-21:30",hsinchu
5933053265,金慧藥局,,"星期一~五\n09:00-12:00\n16:00-21:00\n星期六\n09:00-12:00",hsinchu
5933053274,佑東藥師藥局,,"星期一~六\n09:00-11:00",hsinchu
5933060055,正安西藥局,,"星期一~六\n08:00-21:00",hsinchu
5933060162,黃藥師中西藥局,,"星期一~日\n13:00-15:00",hsinchu
5933061249,家康藥局,,"星期一~五\n10:00-12:00\n星期六\n15:30-17:30",hsinchu
5933061276,中心藥局,,"星期一~六\n08:30-12:00\n15:00-18:00\n19:00-21:00",hsinchu
5933061418,聖康藥師藥局,,"星期一~五\n09:00-11:00",hsinchu
5933061463,如家藥師藥局,,"星期一~六\n10:00-11:00\n16:00-17:00",hsinchu
5933061543,中興藥局,,"星期一~五\n08:00-17:00",hsinchu
5933061552,信福藥局,,"星期一~六\n09:00-12:00",hsinchu
5933061570,湖口藥局,,"星期一~六\n14:00-16:00\n星期日\n10:00-12:00",hsinchu
5933061589,安健藥局,,"星期一~五\n11:00-12:00\n15:00-16:00\n20:00-21:00\n星期六\n08:30-12:00",hsinchu
5933061632,宏安藥局,,"星期一~五\n9:00-11:00\n星期六\n15:00-17:00\n星期日\n9:00-11:00",hsinchu
5933061650,勝利大藥局,,"星期一~六\n09:00-11:00",hsinchu
5933061678,仁和藥局,,"星期一~六\n10:00-11:00\n16:00-17:00",hsinchu
5933061696,育祥藥局,,"星期一~六\n12:00-13:00\n15:00-16:00",hsinchu
5933061703,合康藥局湖口,,"星期一~日\n09:00-11:00",hsinchu
5933061712,湖山藥局,,"星期一~日\n19:30-21:30",hsinchu
5933080011,金樓藥局,,"星期一~日\n09:00-11:00",hsinchu
5933080119,建仁藥局,,"星期一~六\n07:30-09:30\n星期日\n18:00-22:30",hsinchu
5933080137,春安藥局,,"星期一~六\n07:15-08:15\n14:20-15:20\n18:00-21:20\n星期日\n08:00-11:00",hsinchu
5933081429,惠生藥局,,"星期一~日\n07:00-09:00",hsinchu
5933081447,彰懷藥局,,"星期一~五\n09:00-11:00\n星期六、日\n16:00-18:00",hsinchu
5933081474,立人藥局,,"星期一~日\n14:00-16:00",hsinchu
5933081483,第一調劑藥局,,"星期一~六\n08:00-10:00",hsinchu
5933081518,新揚藥局,,"星期一~日\n12:00-14:00",hsinchu
5933081536,昌昌藥局,,"星期一~日\n09:00-22:00",hsinchu
5933081545,立果藥師藥局,,"星期一~日\n09:30-11:30",hsinchu
5933081554,新豐藥局,,"星期一~日\n19:30-21:30",hsinchu
5933081563,仁川藥局,,"星期一~日\n08:00-10:00",hsinchu
5933081572,泰安藥局,,"星期一~五\n09:00-11:30\n星期六、日\n08:30-11:00",hsinchu
5933090071,新華方西藥局,,"星期一~六\n13:30-15:30",hsinchu
5933091112,暘光藥局,,"星期一~五\n08:30(發號碼牌)\n12:00-15:00\n星期日\n08:30(發號碼牌)\n12:00-15:00",hsinchu
5933091121,大銨藥局,,"星期一~五\n09:30-11:30\n星期六\n16:00-18:00",hsinchu
5933101088,寶唄藥局,,"星期一~六\n09:30-12:00",hsinchu
5933111119,埔元藥局,,"星期一~六\n09:00-11:00",hsinchu
5933130529,家佳福藥局,,"星期一~五\n13:00-15:00",hsinchu
5935010017,永佳藥局,,09:00~售完,miaoli
5935010035,大仁藥局,,營業時間~售完,miaoli
5935010044,贈光藥局,,08:30~售完,miaoli
5935010124,富安藥局,,09:00~售完,miaoli
5935010160,德昌藥局,,10:00~售完,miaoli
5935010213,盛安藥局,,"08:00~售完\n週日休息",miaoli
5935010222,正欣藥局,,09:00~售完,miaoli
5935010259,德鑫藥局,,08:00~售完,miaoli
5935011523,天恩藥局,,08:30~-售完,miaoli
5935011550,啟人藥局,,09:00~售完,miaoli
5935011621,佳美藥局,,"15:30~17:30\n週日休息",miaoli
5935011710,維新藥局,,"09:00-售完\n週日休息",miaoli
5935011738,佳禾藥局,,營業時間~售完,miaoli
5935011783,芳鄰國際連鎖藥局,,13:00~售完,miaoli
5935011818,博大藥局,,09:00~售完,miaoli
5935011916,吉利康藥局,,"08:00~09:00\n14:30~15:30\n週日休息",miaoli
5935011925,廷安藥局,,13:30~售完,miaoli
5935011952,千百岳大藥局,,09:00~售完,miaoli
5935011998,康安新美藥局,,08:00~售完,miaoli
5935012002,好鄰居藥局,,"平日09:00~售完\n假日休息",miaoli
5935012084,苗栗安德藥局,,13:45~16:00,miaoli
5935012146,聯合藥師藥局,,09:00~售完,miaoli
5935012182,陽光藥局,,"14:40~售完\n週日休息",miaoli
5935012191,元品藥局,,09:00~售完,miaoli
5935012253,正忠藥師藥局,,"13:00~15:00\n週日休息",miaoli
5935012271,上品藥局,,08:00~售完,miaoli
5935012299,瑞展藥局,,09:00~售完,miaoli
5935012315,良品藥局,,08:30~售完,miaoli
5935012324,上林藥局,,14:00~售完,miaoli
5935012342,杏一苗栗中山藥局,,14:30~售完,miaoli
5935012351,錦岳大藥局,,09:00~售完,miaoli
5935012360,心惠聯合藥局,,13:00~售完,miaoli
5935020013,宏吉藥局,,11:00~售完,miaoli
5935020077,源益藥局,,12:00~售完,miaoli
5935020111,大眾藥局,,13:00~售完,miaoli
5935020148,泰元藥局,,"14:30~16:30\n週日休息",miaoli
5935021207,德徽藥局,,09:00~售完,miaoli
5935021261,永信藥師藥局,,"08:00~10:00\n週日休息",miaoli
5935021270,全家藥局,,09:00~售完,miaoli
5935021323,國豐藥師藥局,,13:00~售完,miaoli
5935021403,安康藥局,,09:00~售完,miaoli
5935021412,信和大心藥局,,08:00~售完,miaoli
5935030091,惠生藥局,,20:00~售完,miaoli
5935030108,吉泰藥局,,"08:30~售完\n2/9(日)休息",miaoli
5935030153,維康藥局,,11:00~售完,miaoli
5935030171,立安藥局,,"平日07:30~09:00\n假日08:00~10:00",miaoli
5935040033,快樂藥局,,09:00~售完,miaoli
5935040079,德安藥局,,09:30~11:30,miaoli
5935040257,和安藥局,,"平日14:00~16:00\n假日休息",miaoli
5935040266,鴻仁大藥局,,"平日13:00~15:00\n假日公告門口",miaoli
5935040408,光復藥局,,13:00~15:00,miaoli
5935041450,昇暉藥局,,"平日08:00~售完週六09:00~售完\n週日休息",miaoli
5935041469,順春藥局,,12:00~售完,miaoli
5935041496,清三藥局,,10:00~售完,miaoli
5935041567,京典藥局,,"平日15:30~售完\n假日休息",miaoli
5935041610,林新藥局,,09:30~售完,miaoli
5935041629,悅昌藥局,,08:00~售完,miaoli
5935041736,佑仁藥局,,"09:00~售完\n週日休息",miaoli
5935041745,瑞士藥師藥局,,10:00~售完,miaoli
5935041781,惠家藥局,,12:15~14:15,miaoli
5935041790,慈濟藥局,,"平日18:30~20:30\n假日08:00~10:00",miaoli
5935041905,米樂中西健保藥局,,"14:00~售完\n週日休息",miaoli
5935041914,合康連鎖藥局,,09:00~售完,miaoli
5935041932,佑民藥局,,"09:00~售完\n週日休息",miaoli
5935041950,建康藥局,,08:00~售完,miaoli
5935041987,杏一竹南中正藥局,,13:00~售完,miaoli
5935041996,新欣藥局,,13:00~售完,miaoli
5935042037,康壯藥局,,07:30~售完,miaoli
5935042046,永安藥局,,13:00~售完,miaoli
5935042055,崧博藥師藥局,,"09:30~售完\n週日休息",miaoli
5935050066,義春藥局,,營業時間~售完,miaoli
5935050164,辰安藥局,,07:00~售完,miaoli
5935050182,民昌藥局,,08:00~售完,miaoli
5935050208,三峰藥局,,14:00~售完,miaoli
5935050253,泉興藥局,,09:00~售完,miaoli
5935050262,東仙藥局,,"08:00~售完\n週日休息",miaoli
5935050280,李藥局,,"營業時間~售完\n週日休息",miaoli
5935050306,康利藥局,,"週一~二18:00~售完週三~六08:00~售完\n週日休息",miaoli
5935051545,富優藥局,,12:15~1430,miaoli
5935051572,信義藥局,,"16:00~售完\n週日休息",miaoli
5935051616,康寧藥局,,營業時間~售完,miaoli
5935051689,怡安藥局,,14:00~售完,miaoli
5935051698,信源藥局,,08:00~售完,miaoli
5935051705,博士生活藥局,,"週一~三 14:00~16:00\n週四~六 08:00~10:00",miaoli
5935051732,祐康藥局,,15:00~售完,miaoli
5935051849,懷生中西藥局,,09:00、18:00,miaoli
5935051858,樂田藥妝藥局,,13:00~售完,miaoli
5935051867,惠祐藥局,,12:30~售完,miaoli
5935051885,安馨藥局,,08:00~售完,miaoli
5935051894,啊囉哈藥局,,"營業時間~售完\n週日休息",miaoli
5935051929,仁方藥局,,08:00~售完,miaoli
5935051938,吉品藥局,,10:00~售完,miaoli
5935060053,鴻輝大藥局,,10:00~售完,miaoli
5935061407,佑安藥局,,"07:30~售完週日休息\n2/9(日)增加販售",miaoli
5935061425,懷信中西藥局,,09:00~售完,miaoli
5935061434,千江大藥局,,09:00~售完,miaoli
5935061443,後龍藥局,,19:00~售完,miaoli
5935070022,林大藥局,,13:00~售完,miaoli
5935071172,健安藥局,,10:00~售完,miaoli
5935071207,合杏藥局,,08:30~售完,miaoli
5935071216,萊恩藥局,,14:00~售完,miaoli
5935071234,國良藥局,,14:00~售完,miaoli
5935071243,卓蘭千百岳大藥局,,09:00~售完,miaoli
5935080055,臺健中西藥局,,"08:00~售完\n週日休息",miaoli
5935081123,景元藥局,,14:00~售完,miaoli
5935090015,永信藥局,,08:30~售完,miaoli
5935091156,信安藥局,,12:00~售完,miaoli
5935091245,芳鄰藥局,,13:00~售完,miaoli
5935091254,上恩藥局,,平日09:00~售完,miaoli
5935091263,懷慶中西藥局,,09:00、14:00、20:00,miaoli
5935091272,杏中藥局,,13:30~售完,miaoli
5935100025,仁興藥局,,09:00~售完,miaoli
5935100034,銅鑼藥局,,"平日13:00~售完\n假日10:00~售完",miaoli
5935101086,家嘉藥局,,"週一四五08:30~售完\n週二三19:00~售完\n假日休息",miaoli
5935120027,裕祥藥局,,09:00~售完,miaoli
5935130023,民享藥局,,09:00~售完,miaoli
5935131075,安康藥局,,10:00~售完,miaoli
5935141044,一心藥局,,平日08:00~11:30,miaoli
5935160012,東南藥局,,06:30~售完,miaoli
5938010108,宏嘉藥局,,"w一~w五：09:00~11:00w(三17:00~19:00)\nw六：09:00~11:00\nw日：09:00~11:00",nantou
5938010153,聖恩藥局,,"w一~w五：08:00~10:00\nw六：08:00~10:00\nw日：08:00~10:00",nantou
5938010242,惠光藥局,,"w一~w五：15:00\nw六：15:00\nw日：休",nantou
5938010386,南投藥局,,"w一~w五：15:00\nw六：15:00\nw日：休",nantou
5938010420,弘昌藥局,,"w一~w五：17:00~19:00(售完為止)\nw六：17:00~19:00(售完為止)\nw日：休",nantou
5938010546,福倫藥局,,"w一~w五：15:00\nw六：15:00\nw日：15:00",nantou
5938011614,廣元藥局,,"w一~w五：08:00~10:00(售完為止)\nw六：08:00~10:00(售完為止)\nw日：08:00~10:00(售完為止)",nantou
5938011730,明安大藥局,,"w一~w五：15:00~22:00\nw六：15:00~22:00\nw日：休",nantou
5938011785,健美藥局,,"w一~w五：08:30~10:30\nw六：08:30~10:30\nw日：08:30~10:00",nantou
5938011810,南投丁丁藥局,,"w一~w五：09:00~11:00\nw六：09:00~11:00\nw日：09:00~11:00",nantou
5938011829,和康藥局,,"w一~w五：14:00~21:00\nw六：14:00~21:00\nw日：14:00~21:00",nantou
5938011838,愛馨藥局,,"w一~w五：15:00~21:30\nw六：15:00~21:30\nw日：10:00~21:30",nantou
5938011847,南投啄木鳥藥局,,"w一~w五：14:00\nw六：待回復   w日：待回復",nantou
5938011856,南陽健寶藥局,,"w一~w五：10:00~12:00\nw六：10:00~12:00\nw日：休",nantou
5938020079,仁和藥局,,"w一~w五：08:00~10:00\nw六：08:00~10:00\nw日：08:00~10:00",nantou
5938020088,佳民藥局,,"w一~w五：09:30~11:30\nw六：09:30~11:00\nw日：休(不固定營業)",nantou
5938020104,新仁壽藥局,,"w一~w五：10:00~\nw六：10:00~\nw日：10:00~",nantou
5938020159,吉生藥局,,"w一~w五：15:00~\nw六：15:00~\nw日：15:00~",nantou
5938020257,德林藥局,,"w一~w五：09:00~11:00\nw六：09:00~11:00\nw日：09:00~11:00",nantou
5938021432,東風中西藥局,,"w一~w五：09:00開始\nw六：09:00開始\nw日：休",nantou
5938021521,大家好藥局,,"w一~w五：09:00開始\nw六：09:00開始\nw日：休",nantou
5938021638,大善藥局,,"w一~w五：09:00~17:00\nw六：休\nw日：休",nantou
5938021683,埔里啄木鳥藥局,,"w一~w五：09:30開始\nw六：09:30開始\nw日：09:30開始",nantou
5938021745,欣欣藥局,,"w一~w五：08:30發號碼牌，15:00發放\nw六：08:30發號碼牌，15:00發放\nw日：休",nantou
5938021772,集成藥局,,"w一~w五：08:00~10:00\nw六：08:00~10:00\nw日：08:00~10:00",nantou
5938021781,幸福藥局,,"w一~w五：08:30開始\nw六：08:30開始\nw日：08:30開始",nantou
5938021790,健豐藥局,,"w一~w五：19:00~21:00\nw六：休\nw日：休",nantou
5938021852,高品藥局,,"w一~w五：13:30~15:30\nw六：13:30~15:30\nw日：08:30~10:30",nantou
5938021914,好安心藥局,,"w一~w五：15:00開始\nw六：15:00開始\nw日：15:00開始",nantou
5938021932,喜樂藥局,,"w一~w五：09:00~12:00\nw六：09:00~10:00\nw日：休",nantou
5938021941,光田藥局,,"w一~w五：09:00開始\n\n            w六：評估中，若平日作業量大，將公休 w日：評估中，若平日作業量大，將公休",nantou
5938021969,宜康健保藥局,,"w一~w五：08:30開始\nw六：08:30開始\nw日：休",nantou
5938022000,禾安康藥局,,"w一~w五：15:00~17:00\nw六：15:00~17:00\nw日：休",nantou
5938022019,安欣藥局,,"w一~w五：11:00~12:00、15:00~18:00\nw六：11:00~12:00\nw日：休",nantou
5938022046,品安藥局,,"w一~w五：08:30~12:00、14:30~17:30、\n19:00~21:00\n(w2下午休、w4白天休)\n     w六：08:30~12:00、14:30~17:30\nw日：休",nantou
5938022064,大樹埔里藥局,,"w一~w五：19:30~21:30\nw六：19:30~21:30\nw日：19:30~21:30",nantou
5938022117,埔里福倫健保藥局,,"w一~w五：09:00開始、14:00開始\nw六：09:00開始、14:00開始\nw日：09:00開始、14:00開始",nantou
5938022126,埔里能安藥局,,"w一~w五：14:00開始\nw六：14:00開始\nw日：休",nantou
5938022135,草新健保藥局,,"w一~w五：09:30~11:30\nw六：09:30~11:30\nw日：09:30~11:30",nantou
5938022153,誠光藥局,,"w一~w五：10:00~12:00\nw六：10:00~12:00\nw日：休",nantou
5938030057,萬壽堂藥局,,"w一~w五：14:30開始\nw六：14:30開始\nw日：08:00~12:00",nantou
5938030075,新慈仁藥局,,"w一~w五：09:00開始\nw六：09:00開始\nw日：休",nantou
5938030084,國聖藥局,,"w一~w五：14:00~16:00\nw六：14:00~16:00\nw日：14:00~16:00",nantou
5938030100,環球大藥局,,"w一~w五：15:00~18:00\nw六：15:00~18:00\nw日：15:00~18:00",nantou
5938030191,建林藥局,,"w一~w五：08:30開始\nw六：08:30開始\nw日：08:30開始",nantou
5938030235,久長安藥局,,"w一~w五：09:30開始\nw六：09:30開始\nw日：休息",nantou
5938030253,健泰藥局,,"w一~w五：15:00開始\nw六：15:00開始\nw日：休",nantou
5938030280,易生藥局,,"w一~w五：09:00開始\nw六：09:00開始\nw日：09:00開始",nantou
5938030379,豐安藥局,,"w一~w五：08:00開始(依系統開放時間發放)\nw六：08:00開始(依系統開放時間發放)\nw日：08:00開始(依系統開放時間發放)",nantou
5938030735,草屯福倫藥局,,"w一~w五：15:00開始\nw六：15:00開始\nw日：15:00開始",nantou
5938032140,東洋藥局,,"w一~w五：15:00開始\nw六：15:00開始\nw日：休",nantou
5938032220,新豐藥局,,"w一~w五：15:00~17:00\nw六：15:00~17:00\nw日：15:00~17:00",nantou
5938032300,康好藥局,,"w一~w五：販售時間每日不一定，依人力\nw六：販售時間每日不一定，依人力\nw日：販售時間每日不一定，依人力",nantou
5938032328,長頸鹿藥局,,"w一~w五：13:00~15:00\nw六：休\nw日：休",nantou
5938032355,炎峰藥局,,"w一~w五：15:00~17:00\nw六：15:00~17:00\nw日：休",nantou
5938032373,和平藥局,,"w一~w五：15:00~17:00(w3\n19:00~21:00) w六：15:00~17:00\nw日：休",nantou
5938032408,草屯丁丁藥局,,"w一~w五：09:00~售完\nw六：09:00~售完\nw日：09:00~售完",nantou
5938032417,虎山藥局,,"2/5~2/10\n休",nantou
5938032453,福安藥局,,"w一~w五：08:30~09:30\nw六：08:30~09:30\nw日：08:30~09:30",nantou
5938032462,百康藥局,,"w一~w五：09:00~12:00，14:00~16:00\nw六：休\nw日：休",nantou
5938040044,仁山藥局,,"w一~w五：12:30~14:30\nw六：12:30~14:30\nw日：08:00~10:00",nantou
5938040151,快安藥局,,"w一~w五：08:30~12:00\nw六：08:30~12:00\nw日：休",nantou
5938040160,天佑藥局,,"w一~w五：09:00~11:00\nw六：09:00~11:00\nw日：休",nantou
5938040179,慈仁藥局,,"w一~w五：08:00~10:00\nw六：08:00~10:00\nw日：08:00~10:00",nantou
5938040277,潘藥局,,"w一~w五：14:00~16:00\nw六：14:00~16:00\nw日：14:00~16:00",nantou
5938040286,皇英藥局,,"w一~w五：每日販售時間不一定\nw六：每日販售時間不一定\nw日：每日販售時間不一定",nantou
5938040295,氏林藥局,,"w一~w五：08:30~10:30\nw六：08:30~10:30\nw日：休",nantou
5938040348,銘彥童藥局,,"w一~w五：08:00~10:00\nw六：14:00~售完\n w日：14:00~售完",nantou
5938040366,竹山藥局,,"w一~w五：12:00~14:00\nw六：12:00~14:00\nw日：休",nantou
5938040419,林惠生藥局,,"w一~w五：15:00~17:00\nw六：15:00~17:00\nw日：15:00~17:00",nantou
5938040437,宏明堂藥局,,"w一~w五：15:00~售完\nw六：15:00~售完\nw日：15:00~售完",nantou
5938041569,竹山福倫藥局,,"w一~w五：15:00~售完\nw六：15:00~售完\nw日：15:00~售完",nantou
5938041667,竹山啄木鳥藥局,,"w一~w五：09:30~11:30(售完為止)\nw六：09:30~11:30(售完為止)\nw日：09:30~11:30(售完為止)",nantou
5938041685,宗穎藥局,,"w一~w五：08:30~10:30\nw六：08:30~10:30\nw日：08:30~10:30",nantou
5938041694,仁惠藥局,,"w一~w五：15:00~售完\nw六：休\nw日：休",nantou
5938041729,早安藥局,,"w一~w五：09:00~售完\nw六：09:00~售完\nw日：09:00~售完",nantou
5938041756,集山啄木鳥藥局,,"w一~w五：09:30~售完\nw六：09:30~售完\nw日：09:30~售完",nantou
5938041809,維淇藥師藥局,,"w一~w五：09:00~售完\nw六：09:00~售完\nw日：休",nantou
5938041818,明仁藥局,,"w一~w五：09:00~12:00\nw六：09:00~12:00\nw日：休",nantou
5938041827,華誠藥局,,"w一~w五：08:00~18:00\nw六：08:00~18:00\nw日：",nantou
5938041845,博愛藥局,,"w一~w五：09:00~11:00\nw六：09:00~11:00\nw日：09:00~11:00",nantou
5938041854,耀聖藥局,,"w一~w五：15:00~21:00\nw六：15:00~21:00\nw日：",nantou
5938041863,大明藥局,,"w一~w五：19:30~22:00\nw六：19:30~22:00\nw日：",nantou
5938050120,家禾藥局,,"w一~w五：15:00~21:00\nw六：10:00~21:00\nw日：10:00~",nantou
5938050139,省安藥局,,"w一~w五：15:00~21:00\nw六：15:00~21:00\nw日：休",nantou
5938060180,召安藥局,,"w一~w五：15:00~17:00\nw六：休\n         w日：15:00~17:00",nantou
5938060224,淵源藥局,,"w一~w五：13:00~15:00\nw六：13:00~15:00\nw日：休",nantou
5938061249,,,"w一~w五：14:00~16:00\nw六：14:00~16:00\nw日：14:00~16:00",nantou
5938061258,惠松藥局,,"w一~w五：13:00~15:00，20:00~21:00\nw六：13:00~15:00，20:00~21:00\nw日：休",nantou
5938061267,豐源藥局,,"w一~w五：15:00~18:00\nw六：15:00~18:00\nw日：休",nantou
5938061285,人德藥局,,"w一~w五：10:00~12:00，15:00~20:00\nw六：10:00~12:00，15:00~20:00\nw日：休",nantou
5938061301,宏春健康生活藥局,,"w一~w五：10:00~17:00\nw六：10:00~17:00\nw日：休",nantou
5938080048,中寮健保藥局,,"w一~w五：08:00~17:00\nw六：休\nw日：休",nantou
5938090026,源和藥局,,"w一~w五：15:00~21:00\nw六：15:00~21:00\nw日：09:00~12:00",nantou
5938091149,得康藥局,,"w一~w五：\nw六：\nw日：",nantou
5938100018,佑全藥局,,"w一~w五：09:00~12:00，15:00~18:00\nw六：09:00~12:00，15:00~18:00\nw日：09:00~12:00，15:00~18:00",nantou
5938100063,興安藥局,,"w一~w五：09:00~11:00\nw六：09:00~11:00\nw日：09:00~11:00",nantou
5938101122,國姓藥局,,"w一~w五：\nw六：\nw日：",nantou
5938101140,山芙蓉藥局,,"w一~w五：15:00~17:00\nw六：10:00~11:00\nw日：休",nantou
5938110023,杏仁藥局,,"w一~w五：15:00~17:00\nw六：15:00~17:00\nw日：休",nantou
5938110032,人人藥局,,"w一~w五：15:00~21:00\nw六：15:00~21:00\nw日：09:00~12:00",nantou
5938110078,立特藥局,,"w一~w五：15:00~21:30\nw六：15:00~21:30\nw日：15:00~21:30",nantou
5938111271,柔欣藥局,,"w一~w五：09:00~11:00\nw六：09:00~11:00\nw日：09:00~11:00",nantou
5938130016,永康藥局,,"w一~w五：09:00~17:00\nw六：09:00~12:00\nw日：休",nantou
